Tag,出现次数,中文描述
o,2,(单位:千美元)
x,2,页:1
ae,2,ae (单位)
am,1,已经
ar,4,转
at,10,时间
au,8,约
az,2,az 数字
be,5,为:
bg,2,(单位:千美元)
br,4,Br 语气
ca,13,3个
ch,13,页:1
cn,47,页:1
cu,1,库
cz,2,页:1
de,151,页:1
ee,2,ee 语
es,2,对
fi,4,无
fr,34,f 数据
gb,4,(单位:千美元)
ge,1,热
gr,3,灰点
hr,1,小时
hu,1,嘘
id,6,编号
ie,12,iE (英语).
in,30,输入
it,30,这个
jg,5,积
jp,30,jp (帮助)
kh,2,kh
kr,5,小时
lt,2,专辑
ma,3,马
mt,25,吨数
mx,10,mx 数据
my,7,"来,来,来"
nl,26,无
no,1,无
np,1,无
nz,21,无
pk,4,页:1
pl,6,页:1
pr,2,比较
qa,1,qa 语
ro,1,罗
rs,1,rs 时
ru,6,吕
si,1,对
sy,2,编号
tr,1,双
tt,1,转tt
tv,8252,电视
tw,2,tw
ua,3,乌亚
ug,1,微克
us,477,我们
vn,4,页:1
wf,55,(单位:千美元)
za,3,扎尔
zw,2,兹瓦
api,3,辅助
avh,1,(简体中文)
awa,2,阿华
com,4,连线
cvg,556,页:1
djc,1,Djc 数据
dme,2,me
era,2,时代
fan,1,风扇
gay,1,同性恋
jon,7,乔恩
ksr,4,千斯尔
ksu,1,千苏
law,133,法律
nii,1,无
nix,1,无
pet,7,宠物
rca,1,鲁卡
sex,17,性别
spa,1,温泉
stu,7,静态
tag,9,标签
war,15,战争
aaaa,1,a
acre,4,亩
adus,1,绝对
apps,4,应用程序
atom,3,原子
band,9,带
bank,1,银行
base,45884,基础
bird,1,鸟
book,4242,书本
buoy,1,浮标
cahe,1,来啊
cars,1,汽车
citt,1,备注
city,61,城市
cmax,2,码数
coco,33,可可
danm,16,数字
date,19,日期
diet,4,饮食
dish,4,盘子
dogs,2,狗类
drug,22,药物
fief,1,无
fifa,1,费法
film,18715,胶片
fish,1,鱼
flag,1,旗帜
food,403,粮食
fort,5,堡垒
game,1,游戏
hero,1,主角
hint,1,提示
icon,18,图标
idea,34,创意
idol,3,偶像
imdb,1,数字
jack,4,积
jeff,1,{\fn黑体\fs22\bord1\shad0\3aHBE\4aH00\fscx67\fscy66\2cHFFFFFF\3cH808080}对啊
jfry,4,贾弗里
jobs,1,任务
johm,33,乔姆
jopa,1,乔帕
kryp,3,克里普语Name
kurt,7,库尔特
lake,6,湖边
lcsh,1,单曲
leop,1,猎豹
life,16,生活状况
list,1,列表
make,3,生产
mehi,1,美华
misc,60,错误c
mmcm,1,毫米厘米
moon,2,月球
park,1,公园
pets,16,宠物
play,1,播放
qili,3,齐利
qwe1,1,qwe1 数字
r0sk,1,卢比
rail,14,铁路
rank,10,军衔
riot,1,暴动
road,1,道路
role,41,角色
skud,565,骷髅
star,2,星号
tags,1,标记
task,75,任务
team,1,团队
test,2,测试
time,399,时间
tize,1,缩放
toys,4,玩具
trek,1,行程
twin,5,双向
type,3,类型
urib,5,输油管
user,11601,用户
weel,1,维尔
wine,44,红酒
word,12,单词
xena,83,x
yqbd,1,联合国
zone,1,区域
actor,3427,演员
agent,1,代理人
alanl,2,阿兰尔
album,1,相册
alecf,2,参考文献
alonm,3,缩写
alust,984,忧郁
amlee,1,安乐
anne8,1,阴性8
arcom,1,阿尔科姆语Name
aseem,1,外观
asset,9,资产
atari,1,阿塔里语
award,14202,裁决
bakul,1,巴库
bibkn,19,双节
bisac,31,双子
boats,36,船只
bobby,2,鲍比
boxer,1,拳击手
brand,65,品牌
bread,3,面包
breed,1,品种
bryan,19,布朗语Name
buffy,11,ffy
burgh,4,头
buxul,3,布卢尔
cause,3,原因
celeb,6,立方圆
chess,29,象棋
cheza,13,切萨
china,1,中国
coach,1,教练
colin,1,科林语
color,85,颜色
court,8,法院
crime,263,犯罪情况
dalan,2,达兰
dance,4,舞会
death,4,死亡人数
deity,2,圣灵
denny,1,邓尼
diets,3,饮食
earth,538,土质
event,505,事件
exooo,1,ex
facet,2,侧
fight,74,战斗
films,4,电影
fires,2,火灾
first,4,第一个
flags,246,旗帜
flash,2,闪光
folia,3,福利亚
forts,10,堡垒
fruit,9,果实
games,33,游戏
genre,518,流派
ghost,1,幽灵
gogza,1,格扎语Name
guest,2,来宾
hangy,20,悬浮
hkiff,12,ưμ㼯A
hobby,3,爱好
horse,2,马
hosts,4,主机
hotel,1,旅馆
house,1,房屋
husso,2,胡苏
iabin,6,叶斌
icons,37,图标
ilker,1,废墟
india,4,印度语Name
issue,3,问题
jamie,95,贾米
jasso,1,贾索
jcupp,1,日库普
judge,1,法官
kdr35,1,kdr35 (韩语)
keano,1,基诺
lapax,41,磁盘
latin,1,拉丁语
legal,53,法律
linux,1,链接
llgff,5,页 次
logos,7,标志
macre,3,母亲
mafia,1,黑手党
magic,4,魔术
media,1,媒体
mmmpr,27,毫米pr
month,12,月数
movie,65,电影
mst3k,3,mst3k 时间轴
music,7737,音乐
names,184,名称
ndbcd,2,数字
nigga,1,黑鬼
nulon,1,纳龙
ocean,3,海洋
opera,59,歌剧
orbit,5,轨道
pak21,32,点21
party,15,政党
philg,1,缩写
pizza,1,披萨
place,206,地点
plaze,1,点缀
poldb,23,波尔德b
ports,32,端口
prova,1,预告
pusan,14,脓
quash,1,参数
radio,69,电台
rayon,1,线条
rival,56,对手
river,10,河流
riyer,1,里尔
rlyeh,7,丽雅
roses,6,玫瑰丝
rugby,7,橄榄球
saint,8,圣贤
seant,1,平稳
seoul,4,灵魂
sfiff,67,微风
skill,8,技能
small,1,小型
spain,1,西班牙语Name
sport,74,运动
state,120,状态
stock,1,库存
story,1,故事
synch,2,同步
tadhg,2,塔达克
tagit,1355,标签
tbase,4,基数
test2,3,测试2
topic,24357,专题
ttiff,102,顶部
tvepg,31,视频
twins,3,双胞胎
varna,1,瓦纳
venue,41,地点
viral,19,病毒
voice,7,语音
wales,6,华士
women,15,妇女
words,3,单词
world,1,世界
zeusi,3,ze西
aareas,3409,a 区域
adbase,2,备注
aditya,3,独立a
alexbl,124,亚历山大
aliens,28,外国人
animal,21,动物
anzacs,14,愤怒
apples,1,苹果
artist,3023,艺术家
attack,1,攻击
aubrew,1,欧布鲁
austin,35,奥斯汀
author,1531,作者
ballet,31,芭蕾舞团
bandom,31,乐队
banned,10,禁用内容
barbie,13,巴比语Name
bbbase,1,碱基
berlin,15,贝林
bigsky,6,大键
bintro,2,二进制
blocks,21,块
boxing,1,拳击
branch,21,分支
brands,2,品牌
bridge,1,桥
caddie,1,婴儿
camden,2,凸轮
cancer,16,癌症
cannes,214,罐头
canton,6,县
casiel,1,卡塞尔
change,4,变动
chendy,1,简蒂
church,2,教会
circus,3,马戏团
civics,2,公民
ckeene,2,ene
client,11,客户端
coffee,2,咖啡 谢谢
colony,1,殖民地
colors,2,颜色
column,17,栏
common,20,常见
config,2,配置
county,490,县
danboo,3,dan
dancer,3,舞者们
delany,9,德兰尼
design,8,设计
didwho,33,谁
dining,13,餐厅
diviks,2,数字
doctor,1,医生
dqbase,22,dq 基数
drinks,2,饮料
drwho1,6,驱动器1
dshlos,1,缩写
dubble,2,虚构
dublin,23,哑弹
eating,343,吃饭
editor,166,编辑器
energy,1,能源
envato,1,网络
events,176,事件
fabi25,1,费比25
family,26,家庭
fandom,22,风扇
femart,1,女权运动
films2,3,电影2
firsts,58,首
format,1,格式
fringe,11,边缘
funart,7,乐谱
fuvkin,4,富夫金语Name
gender,15,性别
ghtech,8,高科技
golfer,1,高尔夫球手
gommit,2,闪电
greece,4,颜色
gromul,2,gro
guitar,6,吉他
hamlet,8,村庄
harish,1,英国
horror,8,恐惧
horses,2,马
hotels,3,旅馆
island,18,岛屿
issuer,137,发行者
jefft0,8,{\fn黑体\fs22\bord1\shad0\3aHBE\4aH00\fscx67\fscy66\2cHFFFFFF\3cH808080}对啊
jerols,2,耶稣会
jewlib,323,犹太人
johnbr,2,约翰布
jonasy,1,乔纳西
jsbach,2,乔斯巴赫
juiced,6,果酱
kaarel,4,卡雷尔
kauzmo,2,卡乌兹莫
knight,1,骑士
lastfm,2,持续时间
laurea,2,荣誉
lawyer,37,律师
lm5290,19,5290马镑
london,39,伦敦
louvre,9,卢弗尔
lyrics,1,歌词
madmen,14,疯子
malady,5,母亲
markce,1,标记
mbmuhr,2,毫布穆尔
meedan,5,梅丹语
mmorpg,1,摩尔普克
mosaic,3,镶嵌
motive,2,动机
movies,17,电影
mqlext,1,微调
mr_kav,2,卡维先生
museum,15,博物馆
mx3000,1,mx3000 (英语).
myhoby,2,我亲爱的
mytype,1,我的类型
name_1,2,名称  1
naples,4,内裤
nascar,11,纳斯卡尔
neutra,2,中微子
oblast,4,州级
orator,4,显示器
osbase,1,奥斯巴
osprey,39,pre
ottawa,11,奥塔瓦
ovtour,4,爱好
oxford,44,牛福尔
parent,1,父目录
parody,97,讽刺
patron,9,赞助者
people,12021,人员
person,4642,人员
phrase,1,语句
places,8,地点
planet,6,行星
plants,1,植物
player,31,播放器
poetry,1,诗歌
prirex,1,棱镜
prison,57,监狱
qateef,19,卡塔尔f
qualia,82,夸利亚
quotes,1,引用
random,525,随机
region,102,区域
retail,3,零售
review,1,审查
rkmase,1,rkmase 语句
robert,1151,罗伯特
saints,17,圣徒们
sameas,9,同为
sample,3,样本
sandos,18,凉鞋
scapbi,1,弹匣
schema,3375,计划
school,46,学校
searle,2,锡尔
shomoa,2,sh
singer,55,歌手
skiing,2,滑雪
skills,29,技能
soccer,849,足球
social,5,社会
sounds,8,声音
source,1,来源
spirit,1,精神
sports,2567,运动
stbase,9,标准
stream,1,流线
surrey,1,苏雷
svocab,9,摇篮
symbol,2,符号
symset,1,对齐
szegey,1,赛吉
tactic,3,战术
tdotoh,9,tdotoh 语录
techhd,1,技术
teeler,2,泰勒语Name
tennis,18,网球
the90s,1,90年代
theory,3,理论
tnsguy,1,腾讯
topics,4,专题
trails,8,线索
travel,1047,旅费
trkiye,1,树叶
trumpi,1,布鲁斯
tunnel,1,隧道
tvbase,1,电视
tvfotc,3,tvfotc 数据
tvplus,1,tvplus 函数
uoa_it,38,uoa it
urania,2,乌兰尼亚
usnris,42,用户
vendor,1,供应商
vgames,2,游戏
visleg,39,组合
voting,6,表决
weapon,2,武器
wiznia,1,密苏里州
writer,1236,编剧
xebidy,2,摇摆
xiamen,1,厦门
xleioo,4,x
yuriyg,1,黄色
zenkat,1,日喀则
aaronsw,1,阿龙斯
adopter,4,采纳者
airline,11,航空公司
airport,7,机场
alfredo,1,阿尔弗雷多
amateur,2,业余
animals,1,动物
ansamcw,14,半径
appspot,4,应用程序
aptamer,24,贴纸
arthist,47,艺术
article,1,条款
artist1,1,艺人1
artiste,1,艺术家e
artwork,1,艺术
atheism,258,无神论
atheist,152,无神论者
atlanta,34,亚特兰大
austria,15,奥地利
authors,29,作者
baghdad,1,巴达
bamberg,2,汉堡
banking,7,银行业务
bassist,20,贝斯手
bbcbase,1,布库
bcmoney,7,现金
beatnik,3,贝特尼克
bio2rdf,1,生物二维f
biology,205,生物学
bistrat,1,双轨
blogger,4,博客
borough,16,区
brendan,240,布伦丹
bridges,2,桥
caliber,1,口径
capital,1,资本
casinos,55,赌场
catalog,31,目录
caveart,10,洞穴艺术
ch_city,6,城市( C)
charity,4,慈善事业
chicago,2,芝加哥语
citizen,1,公民
code663,1,代码663
commune,8,乡镇
company,43,企业
concept,1025,概念
content,43,内容
country,283,国家
cricket,10,板球
crmbase,2,基础
cryptid,1,密码
cuisine,11,厨艺
cycling,12,循环
davidar,2,达维达尔
daylife,1,日常生活
dazzler,1,闪烁
de_city,50,脱城
dfhuynh,16,dfhuynh (英语).
disease,207,疾病
drebbel,1,装饰
dresden,1,德累斯顿
drseuss,3,rse
drummer,1,鼓手
drvaman,1,医生
ecology,20,生态学
elbogen,32,精灵
elliott,14,椭圆
elmbase,1,精灵
embassy,12,大使馆
emirate,2,酋长国
england,202,英格兰
epitron,2,缩写
esamsoe,16,香肠
estonia,8,爱沙尼亚
evening,7,晚间
farmfed,10,农牧业
fashion,19,时尚
fblinux,24,fblinux 函数
fengtao,1,风涛
finance,7,财务
firdaus,1,费尔多斯
fossils,3,化石
frakilk,1,粉红色
gadgets,8,设备
gambler,7,赌博者
gavinci,7,加文西语Name
gayporn,3,同性恋
genomic,1,基因组学
geology,2,地质学
germany,2,德国
godbase,62,神库
gr_city,3,灰点( C)
habitat,6,生境
harmeen,2,伤害
history,5,历史
hoaxter,2,骗局
hobbies,1,爱好
holiday,1,节假日
housemd,47,户籍
i001962,1,i001962 (英语).
id_city,1,编号( C)
ikariam,13,爱奇艺
in_city,19,城市内( C)
inktest,2,墨水测试
ipeople,8,iPeople (英语)
ipswich,1,直线
ireland,56,爱尔兰
jeannie,3,简妮
jihnken,4,强肯
jpadge1,1,JPADGE 1 (韩语)
jschell,18,切尔
kengalo,1,肯加罗
kingdom,69,王国
kwtopic,184,kwtopic 时
labeled,7,标签
lawbase,2,法律依据
lbwelch,3,树脂
library,1,图书馆
libreas,3,自由主义
lindenb,11,林顿b
macross,1,宏
madplex,1,疯狂
mangala,2,曼加拉语Name
markets,3,市场
matempo,1,组装
mattdud,1,马特杜德
maxim75,178,标准75
mhagele,3,毫叶草
mheller,3,麦勒
mineral,1,矿物
miquael,4,迈克尔
mobsite,1,黑社会
monarch,11,国王
monster,12,怪兽
montana,3,蒙塔纳
morelaw,40,更进一步
mtgbase,5,mtgbase 数据库
musicpf,6,音乐pf
mybase4,1,我的基地4
myspace,282,我的空间
mystery,160,谜题
nations,4,国家
natlang,17,纳特朗
ndunham,4,农汉
noktulo,1,诺克图洛
nytimes,1,时间
oakland,10,奥克兰
oclbase,4,缩写
omnipop,2,弹幕
oranges,1,橙红色
ovguide,203,光导
oysters,4,牡蛎
painter,1,画家
panthar,1,潘塔尔
patrick,62,"帕特里克,你好吗?"
peleton,9,皮尔顿
people1,2,人员1
pharaoh,1,菩萨
phobias,58,恐惧症
pinball,70,弹球
pirates,5,海盗
pittbug,2,鼠标
planets,3,行星
pokemon,5,刺头
popstra,4370,流行音乐
predict,3,预测
private,3,私营
process,2,进程
produce,11,生产
product,21,产品
program,1,程序
project,4,项目
protest,1,抗议
proveit,1,证明
pumpkin,7,南瓜鱼
raiders,4,突袭者
ramanan,1,拉玛南
rdsbase,1,基地
renrest,7,失败者
reviews,39,审查
rewards,35,奖励
rivalry,1,竞争
robert3,1,罗伯特3号
robertm,4,罗伯特
rocket2,2,火箭2
romania,3,罗马尼亚
rosetta,53,罗塞塔
royalty,318,特许权使用费
running,2,运行
science,27,科学
seafood,57,海产食品
secondi,2,二级
seekers,2,寻求者
service,3,服务
sharing,27,共享
signage,2,符号
skybase,1,天际基
soprano,31,女高音
species,3,物种
spokane,1,sp
sponsor,63,提案国
srkbase,2,浅滩
state12,3,状态 12
student,4,学生
subject,25,主题
subtext,7,子文本
support,2,支助
surfing,10,冲浪
symbian,1,符号
symbols,1084,符号
symptom,67,症状
synedra,33,丝带
szaijan,69,扎伊扬
tallest,2,最高点
tallinn,2,塔林语Name
theater,1074,剧场
thewire,18,线条
thinker,9,思维家
topgear,2,顶盖
toronto,72,托龙托
trigger,1,触发
tseliot,14,齐略特
tsturge,6,突冲
tunnels,2,隧道
tv_host,1,tv 主机
tv_show,44,tv 显示
tvmusic,1,音乐
us_cbsa,7,使用cbsa
vakkern,2,瓦肯语Name
vault13,1,保险库13
venkytv,4,风景
vermont,12,弗蒙特语Name
vinland,1,文兰
vitamin,7,维生素
vtalwar,3,战争
watches,8,手表
weapons,3,武器
webmark,1,网络标记
webpage,10,网页
website,178,网站
whurray,1,wh
wordnet,8,单词网
writing,4,写作
wxt2005,1,wxt2005 (韩语).
wymbase,1,缩写
yesraaj,2,亚拉艾
yragael,1,伊斯兰主义
ywhbase,1,ywhbase (英语).
zionism,3,锡安主义
zivoron,1,齐沃龙
zoabase,2,佐阿基地
zot4you,1,Zot4you (赞美语)
abcbirds,30,鸟类
abh_city,30,abh 城市(城市)
academia,302,学术界
academic,50,学术
activism,311,行动主义
activist,137,活动家
activity,9,活动
adidtest,4,测试
adoption,12,收养
afadafdf,1,法达夫德夫
aircraft,1,飞机
akatenev,1,阿卡捷涅夫
almabase,18,阿尔马巴
alphabet,3,字母表
american,1,美国
americas,1,美 术
andglori,1,安格洛里语Name
anglican,19,英国圣公会
animanga,28,阿尼曼加语Name
aquanaut,2,方纳
argument,1,参数
arranger,1,安排者
art_form,2,艺术形式( F)
artbase1,7,艺术基础1
at_state,7,状态( N)
attacker,3,攻击者
autobase,2,自动基地
aviation,85,航空
babylon5,6,婴儿克隆5
bamberg1,3,汉堡1
baseball,67,棒球队
bdnabase,3,基地
beerbase,6,啤酒库
benvvalk,20,本夫瓦尔克
beverage,1,饮料
bhludzin,1,布卢津
biofluid,4,生物流体
birdinfo,4,鸟信息
bobdohse,1,闪光灯
br_state,2,br 状态
brew_pub,1,酿酒( P)
brewpubs,3,酿酒
broccoli,2,西兰花
building,20,大楼
business,3504,商业
category,1,类别
cdupetit,1,缓冲
cemetery,16,墓地
ceowomen,2,妇女
chemplus,2,化学加
cheunger,30,厨师
chivalry,23,骑士
city_shi,8,城市区
citytown,1632,城镇
codeflow,3,代码流
coltrane,8,铬
comedian,233,喜剧演员
complete,4,完成
composer,904,编曲
computer,250,计算机
concepts,6,概念
congress,2,大会
consoles,1,控制台
crestico,2,丝绸
csafarms,6,沙发
currency,7,货币
customer,25,客户
dancer_s,1,舞者( s)
database,112,数据库
dchudchu,2,chu
ddammann,4,达曼
de_state,13,状态
deadwood,18,废柴
dendarii,1,日记
digicams,8,图像
dinosaur,8,恐龙
director,1142,导演
disaster,1,灾难
district,55,地区
dkrmusix,1,dkrmusix 图像
dminkley,3,德明克利语Name
dockyard,1,码头
doconnor,32,医生
document,1,文档
dogbreed,6,狗养殖
duck1123,16,鸭子1123
dystopia,19,鸡尾酒
edgarpoe,25,编辑
edmonton,8,埃蒙顿
election,1,选举
elements,2,要素
elsevier,1,其他维勒
employee,3,雇员
employer,1807,雇主
endorsee,2,认可
engineer,73,工程师
eurotrip,11,欧元
ffsquare,3,宽度
filebase,1,文件库
film_job,56,胶片( J)
filmnoir,211,电影
folklore,90,民间传说
football,3,橄榄球
formula1,3,公式1 语法
freebase,246,免费基地
freebass,2,免费
futurama,1,未来
gambling,7,赌博
gleebase,24,弹簧
gmackenz,50,格马克肯兹
godchild,10,童神灵
governor,1,州长
grossout,16,毛出数
handball,2,手球
hannover,6,汉诺威
hedgehog,2,刺绣
herkunft,1,赫尔昆夫特
hobbyist,8,爱好者
hoviktor,1,霍维克托尔
hproduct,1,产品
identity,3,身份
ideology,1,意识形态
ignoreme,14,别理我
ihistory,63,历史
imdbbase,3,属性
in_state,24,状态
industry,86,工业
instance,4,实例
interest,6,利息
internet,1092,互联网
inventor,31,发明者
investor,1,投资者
ischools,3,学校
jamslevy,5,干扰
jdouglas,10,日语
joeunger,1,欢乐
journ3eb,1,约恩3b
jphekman,1,Jphekman( 日语)
kawasima,1,川岛
kennebec,5,昆纳贝克
kilaravi,4,基拉维
ksrinivs,1,千斯里尼夫( Ksrinivs)
ktrueman,52,特鲁曼
kwebbase,188,kwebbase 页面
lakebase,6,湖库
landfill,1,填埋
landmark,1,标志
language,90,语言
languoid,53,蓝胶
lasvegas,1,拉斯维加斯
licensee,5,被许可人
ligtvoet,1,标签
litigant,19,诉讼人
location,17935,地点
lodcloud,3,摇篮
lostbase,22,损失基地
lumimies,1,发光
lyricist,600,语言学家
magazine,3,杂志
magician,4,魔术师
material,5,材料
mdaconta,7,米达孔塔
mdresser,1,服装师
medicine,861,药
metamute,1,元质
mgreaves,1,毫克
mikeshwe,8,迈克什韦
military,1168,军事
minerals,5,矿物
mladraft,2,壁画
molecule,6,分子
monarchy,1,君主制
montreal,21,蒙特雷尔
morpheme,1,摩尔菲
movement,1,移动
murderer,5,杀人犯
musician,11,音乐家
musiteca,99,穆西特卡语Name
muveszek,1,木韦泽克
mx_state,7,mx 状态
my_state,6,我的国家
my_stuff,16,我的东西
mybase11,2,我的基地11
myplaces,11,我的住处
myschool,20,我的学校
namesake,282,名称
nasagcmd,2,纳萨格cmd
new_york,5,新黄
nintendo,2,任天堂
noircity,4,异常
not_lube,5,不为lube
novelist,2,小说家
nutrient,71,养分
okkfreeb,1,"好吧,免费b"
olympics,456,奥林匹克运动会
opposite,2,相对
organism,2,有机体
pdavison,5,帕维森
peekbase,1,偷看库
persoana,1,百索阿纳
pitchman,6,投手
playmate,4,游戏伙伴
plopquiz,59,普罗普奎兹
popstra8,2,流行音乐8
position,2,职位
prisoner,23,囚犯
producer,2255,生产商
projects,156,项目
provider,11,提供者
province,97,省份
ps3games,4,ps3游戏
qiqme777,1,qqme777 (英语).
radiusrs,7,半径
raumohir,2,罗莫希尔
rcheramy,50,r
religion,170,宗教
renesona,17,法语
reporter,1,记者
research,2,研究
resource,1,资源
rosshack,1,罗刹
rubylabs,2,红宝石
rvijbase,2,rvijbase (英语).
sai_rath,1,赛义- 拉特
sbsummer,2,夏令时
schnuffi,2,s
scotland,51,苏格兰
scottzee,1,苏格兰
sdnabase,2,标准
semantic,1,语义
sentence,2,句子
services,198,服务
sfawards,30,沙发
shashank,15,沙汉克
shipyard,1,造船厂
skosbase,718,skosbase (英语).
slovakia,12,斯洛文尼亚语Name
snl_host,375,显示主机( H)
software,14,软件
splitter,25,分隔符
standard,1,标准
startrek,15,启动
stirling,1,搅拌
subjects,1,主题
sue_anne,6,起诉( A)
sundance,39,日间活动
sunlight,15,阳光
supernet,2,超级网
survivor,13,幸存者
susanfsu,2,苏桑夫苏
sww_base,1369,湿度( B)
sxswfilm,18,缩写
tea_type,1,茶叶类型
testing3,1,测试3
testrepu,1,测试
testtype,1,测试类型
textiles,2,纺织品
tfmorris,19,tforris (英语)
thenovel,1,小说
thestate,2,状态
tionghoa,5,tion
tmalaher,1,法语
torgbase,1,拖车库
toy_type,1,玩具类型( T)
triggers,3,触发
tsegaran,571,锡加兰
tubeporn,1,管质
tv_actor,3130,tv 显示器
tv_genre,157,tv 流派
tv_lover,1,tv lover (帮助)
twilight,1,黄昏
umltools,1,工具库
uncommon,209,不寻常
univplus,241,未加单位
us_state,50,us 状态
ushahidi,4,乌海迪
vicebase,2,副基地
watchmen,4,观察者
webcomic,5,网络图片
websites,175,网站
webvideo,259,网络视频
yalebase,165,雅尔巴
yangzhou,2,扬州
yardfire,1,院内火灾
yemebase,1,继续前进
yupgrade,1,升级
zxzxbase,1,zxzxbase (日语)
CIDOC_CRM,7,CIDOC 客户端
Computers,2,计算机
a_olympia,1,a 奥林匹克运动会
adherents,2,追随者
agroschim,56,农业学
alexander,239,亚历山大
algorithm,1,算法
allergies,1,过敏
alter_ego,2,变换ego
anarchism,2,无政府主义
angelfish,1,天使鱼
animation,6,动画
appointee,2,被任命者
appointer,32,任命者
arasmuzic,2,阿拉斯穆齐奇语Name
archetype,4,旧类型
architect,16,建筑师
arestrepo,5,实时
argentina,9,阿根廷
armstrade,4,军火贸易
art_owner,38,艺术拥有者
artnoveau,1,艺术
astrology,6,占星学
astronaut,1,宇航员
astronomy,55,天文学
athletics,76,田径
audiobase,8,音频库
audrey_31,3,audrey 31 (英语).
badpeople,20,恶人
bengaluru,5,本加鲁鲁
biologist,1,生物学家
bird_taxa,1,鸟类税a
bollywood,2,宝莱坞
bond_film,22,连接( F)
bowl_game,1,碗游戏
bowlgames,2,碗游戏
breakfast,35,早饭
broadcast,1306,广播
cambridge,55,凸轮桥
campaigns,3,运动
candidate,4,候选人
carebears,2,照顾者
carnivore,1,肉饼
celebrity,2161,名人笔记
certainty,5,确定性
ch_canton,6,状态( C)
character,22,字符
charities,37,慈善机构
chemistry,64,化学
chinuchem,1,中国人
christmas,8,圣诞节
cityscape,25,城市风景
cn_county,1,cn 县
cocktails,17,鸡尾酒
cognition,1,认知
collector,17,收藏家
commoning,4,共性
community,2,社区
companies,4,企业
conductor,32,导师
continent,6,大陆
contralto,52,反转
corelight,1,核心灯
countries,173,国家
crew_role,3,乘员( R)
currency2,1,货币2
curricula,5,课程
cvg_genre,63,cvg 流派
cvirtudes,1,实例
danceporn,23,舞诗
database3,2,数据库3
dataworld,22,数据世界
dchwalisz,1,dchwalisz (英语).
dedicatee,70,专注
dedicator,69,讲师
dementiev,1,神经病
developer,1,开发者
disaster2,118,灾害2
discoazul,1,迪斯科阿苏尔
discovery,1,发现
disneyana,88,迪斯尼娅娜
divideby0,5,除以0
djproctor,11,编导
doctorwho,4,医生
dog_breed,22,犬类( B)
druderman,1,德鲁德曼
dsinclair,4,硬币
e67_birth,1,e67  出生时间
economics,22,经济学
ecoregion,9,生态区域
ecosystem,1,生态系统
editorial,48,编辑
education,2631,学历
entourage,4,随行人员
ethnicity,88,种族
etymology,6,病理学
execution,2,执行
exercises,4,练习
exoplanet,1,前行星
eye_color,6,双眼( C)
familyguy,14,家里人吗?
fan_genre,1,风扇流派( G)
feudalism,2,封建主义
fiberarts,1,纤维
film_star,2,胶片( S)
filmtasks,2,电影任务
filmviews,8,电影视图
firstlive,1,第一线
flavoring,16,风味
food_menu,11,食物菜单
football1,1,橄榄球1
fr_region,14,区域
frameline,2,框线
framework,6,框架
franchise,4,特许权
frankfurt,1,法兰克福
funny_guy,1,风趣男郎
geography,141,地域
giftcards,21,礼品卡
godparent,21,父亲
greatjapa,6,伟大的贾帕
guidebook,1,指南
guidewire,1,导线
guitarist,233,吉他师
guyernest,1,最伟大的
helynevek,40,赫利内韦克
hoby_role,1,蜂窝( R)
holocaust,8,大屠杀
hometowns,1,乡亲
honouriam,2,奥尔良
hsisjason,30,希西贾森语Name
hypocrisy,2,虚伪
ice_cream,2,冰激凌
impostors,4,冒牌货
indiewire,2,内线
indonesia,10,国家
infection,37,感染
influence,2716,影响
iniciador,1,预告
innovator,39,创新者
interests,51,权益
invention,28,发明
it_comune,32,社区
it_region,17,区域
italiantv,3,意大利语
ixtropian,1,九头蛇
jamesbond,1,干扰
jcallahan,1,贾贾拉汉语
jmarcwild,2,缩写
job_title,77,任务( T)
jobtitles,1,职称
joehughes,35,欢呼吧
jsullivan,1,苏利万
kaibutsu3,1,Kaibutsu 3 (韩语)
kconragan,7,kconragan (韩语)
knockoffs,10,淘汰赛
koreanwar,3,大韩民国
krautrock,12,德国摇滚
lake_type,1,湖类型
landcover,21,土地覆盖
leicester,14,莱斯特
lemonflex,1,柠檬叶
lgbtfilms,108,lgbt 胶卷
livemusic,9,现场音乐
localfood,179,当地食品
locations,510,地点
lovecraft,14,爱情
luckyneko,1,幸运子
macarthur,12,马迦图尔
materials,4,材料
mediawiki,3,媒体wiki
melomania,3,墨西哥
mentalist,2,心理医生
micahsaul,21,微萨乌尔
microdata,1,微数据
mindtouch,1,心灵触摸
mobile_tv,7,移动类型( T)
monastery,1,修道院
mooneym20,2,月亮20号
moonhouse,1,月宫
moscratch,332,苔藓
movements,3,流动
mtg_color,5,mtg 颜色
mutargyak,1,变种动物
mwfreeciv,1,mwfreeciv (英语).
my_person,1,个人
mythology,3,神话
nanhikali,1,南希卡利语Name
nbibridge,1,双桥
neothilic,1,新生儿
newspaper,1,报纸
niivgbase,4,单位基数
nutrition,3,营养
obamabase,26,奥巴马基地
operation,1,操作
opposites,4,对立
orchestra,1,乐团
pantheons,3,泛天线
patron_of,1,保护者( O)
patronage,32,赞助
peninsula,2,半岛
performer,89,表演者
periphery,1,外围
pet_owner,94,宠物拥有者
petbreeds,185,宠物
pethealth,38,宠物保健
pgschools,2,小学
physician,15,医生
physicist,2,物理学家
pinkfloyd,6,粉红色战利品
plaintiff,1,原告
podcaster,1,吊灯
politeuri,10,礼貌
popstra14,1,弹幕14
prestatyn,1,备注
procedure,1,程序
proponent,1,提议者
protester,2,抗议者
qualifier,2,修饰符
racehorse,4,赛马
randy1234,1,兰迪1234
realitytv,10,现实v
recruiter,1,征聘人员
redplanet,1,红色平面
reference,1,参考文献
represent,2,代表
rivalries,66,竞争
rock_type,2,摇滚类型
rondadams,1,罗达姆斯
rosenbaum,73,罗森鲍姆
samplepro,5,样本
satelites,18,锡铁石
scientist,12,科学家
scottfitz,2,斯科特菲兹
setrakian,54,塞特拉克语Name
signatory,5,签字人
singapore,3,歌词
situation,5,情况
smithliza,1,史密斯利萨
snl_actor,95,显示器
snowboard,4,滑雪板
southlake,2,南开
sportbase,12,体育基地
standards,1,标准
starwars1,8,星战1
steamfast,1,蒸汽快车
structure,24,结构
substance,2,实质
superhero,1,超级英雄
surf_film,1,冲浪 电影
symbolism,2,符号化
tallships,16,高级船舶
territory,9,领土
terrorism,11,恐怖主义
test_type,1,测试 类型
testcards,1,测试卡
thalendar,8,泰伦达尔
thefuture,62,未来
time_zone,13,时区( Z)
tmv112233,1,tmv112233 (中文(简体) ).
todolists,285,待办事宜列表
trademark,6,商标
treatment,6,治疗
triathlon,4,三亚马逊
tullamore,1,摇篮曲
tv_writer,576,tv 写入器
typefaces,12,类型面
typetest8,1,类型测试8
typetest9,1,类型测试9
uk_region,1,uk 区域
upthepunx,1,上顶点
us_county,426,us 县名
utestbase,2,用户库
vancouver,28,范库弗
vegetable,6,蔬菜
venuebase,2,地点
vouldjeff,1,伏尔杰夫
wfilmbase,1414,胶片库
wilwaldon,1,维尔瓦尔登
wodehouse,5,监狱
woodstock,15,树木
wrestling,10,摔跤
activities,2,活动
ad_network,1,ad 网络
adaptation,902,适应
adventures,2,冒险
advertiser,2,广告商
alexcruise,4,弹性
allmybase1,2,全美基础1
alscardoso,1,阿尔斯卡多索
alvinwhong,2,胜利
ambassador,8,大使衔
amino_acid,19,氨基酸性
animemanga,110,阿尼梅曼加语Name
anselmhook,4,阿塞尔姆霍克
antarctica,1,北极地区
astronomer,6,天文学家
atitdatlas,4,地图集
aurametrix,7,气压
automotive,14,汽车
bangladesh,5,鸡尾酒
base_topic,19,碱基 主题
basketball,87,篮球
bbcnathist,6,布克纳特
bensonwang,1,宾森旺
biblioness,1479,双曲线
bibs_topic,569,Bibs 专题
biologydev,4,生物学
blackhound,5,黑猎犬
board_game,1,棋盘 游戏
body_color,1,颜色
bookstores,3,书店
bruceesrig,9,布鲁塞斯里格
cannapedia,22,坎纳佩迪娅
cathedrals,2,教会
chaswarner,6,查斯瓦纳
cheguevara,7,切盖瓦拉
cityofbari,4,马里市
club_owner,1,俱乐部主
coat_color,1,颜色
coinsdaily,13,硬币每日
collective,2,集体
competitor,13,竞争者
conference,1,会议
connection,11,连接
contestant,32,参赛者
continents,7,大陆
cool_tools,2,凉爽工具( T)
crime_type,16,犯罪类型
curly_girl,6,卷轴女孩
dance_form,1,舞蹈( F)
daylife_id,117,日寿( id)
dccardwell,5,卡尔韦
dead_at_27,6,在 27时
dead_by_30,11,至30岁
dead_by_40,3,死时  40
dearflight,2,飞行
dedication,133,奉献
department,41,部门
discipline,1,纪律
domaintest,2,域测试
draft_team,1,草稿( T)
drug_class,7,药物类
drug_extra,5,药物
dylanrocks,105,龙岩
e21_person,1,电子21  人
electronic,12,电子
eurovision,1,欧元
fairestcat,31,最美的猫
fairytales,6,童话故事
fame_event,1,名声事件
famouspets,191,名片
film_extra,1,胶片外部( A)
film_genre,168,电影流派( G)
focal_taxa,1,焦距税a
food_extra,23,外购
foursquare,3,四平方圆
freshpicks,6,新鲜的夹子
game_genre,16,游戏类型( G)
gangofnuns,1,帮派
girlscouts,13,女童
given_name,2,给定名称( N)
givennames,6,给定名称
godparents,37,教父亲
gossipgirl,13,闲话女孩
government,1498,政府
grand_tour,2,宏图
greatfilms,561,大电影
gunsnroses,6,枪
hailey2009,7,冰雹2009号
hair_color,8,头发( C)
hairstyles,4,发型
helpmebase,2,帮助菜单库
horsefacts,11,马的假象
ice_hockey,58,冰块
iceandfire,13,冰冻火
identifier,1,标识符
ingredient,22,成分
instrument,120,文书
internship,1,实习
jazzonline,1,爵士乐在线
kinometric,6,外观
knockoffed,10,击倒
legislator,17,立法者
lens_mount,1,镜片( M)
lewislhart,4,莱斯哈特
librettist,46,自由主义
litcentral,175,中点
lived_with,2,与
lookalikes,13,长得像
losangeles,16,罗桑格尔斯
lucasfilms,6,润滑胶片
malemodels,31,男性模特
mapcentral,40,中图
marsupials,13,残废
mediaasset,10,媒体资产
mediatordt,2,调解人
metabolite,18,代谢物
metaschema,4,分子计数
monsterceo,17,怪兽座
motorcycle,3,摩托车
movies1001,290,电影1001
narphorium,5104,ium
negativboy,5,纳加蒂夫男孩
newsevents,69,新条
newthought,2,新思维
ngerakines,86,恶灵
noble_rank,7,高级( R)
occupation,41,职业
ontoligent,2,跳动
ontologies,2421,肿瘤
opensource,1,开源
ottoadorno,5,奥托多尔诺
paincrisis,3,疼痛危机
painttwits,1,骗子
parliament,5,议会
paul_houle,3,保罗胡尔
paulshanks,7,鲍尔斯汉克斯
periodical,6,期刊
pet_gender,2,宠物 性别
philosophy,168,哲学
pimfortuyn,8,双福尔图因
pixarfilms,25,像素胶片
poetrybase,31,诗歌库
politician,149,政治家
prefecture,21,省会
profession,254,职业
provenance,1,来源
psych0fred,1,心理医生
ptsdcombat,1,战斗
punishment,1,惩罚
real_place,30,实际位置
realmadrid,4,实录
recreation,2,娱乐
references,89,参考文献
regulation,2,条例
republican,1,共和国
restaurant,8,餐厅
ride_theme,58,运行( T)
robinboast,5,罗宾博亚斯特
room_theme,2,会议室主题
rose_color,6,玫瑰颜色
royal_line,21,皇家线条
rpf_person,8,参数( P)
rugby_club,1,橄榄球 俱乐部
scottburke,1,Scottburke (英语).
sendoplasm,2,发件人
settlement,1,结算
sexual_act,3,性动作( A)
shce021709,165,schce021709 (英语).
ship_class,1,船级
ship_owner,12,船东
showburner,1,显示器
sign_color,2,符号( C)
skyscraper,1,摩天大楼
soapoperas,39,肥皂纸
songwriter,240,歌曲撰写器
soundalike,1,听起来像
statistics,2,统计
subculture,4,亚文化
supermodel,4,超级模型
supertopic,2,超专题
surf_break,3,冲浪( B)
tag_bundle,1,标记( B)
tagasauris,61,塔卡萨乌里
tahatfield,1,塔哈菲尔德
television,2,电视
thadguidry,28,红色
therockbat,2,摇滚乐
tomeverett,8,托迈特
translator,6,笔译员
tunnel_use,2,隧道使用( U)
tv_channel,9,tv 频道
tv_network,89,tv 网络
tv_program,333,tv 程序
tv_station,7,tv 站点
tv_subject,236,tv 主题
twin_peaks,9,双峰
tylerstype,1,tylers 类型
university,719,大学
uoa_vendor,6,视频( V)
uol_author,4,uol 作者
us_senator,6,us 语句
usmanlatif,1,乌曼拉蒂夫
valenciacf,2,valenciacf 数据
video_game,1,视频游戏
vietnamwar,23,维埃特南瓦尔省
visual_art,327,视觉艺术
volleyball,2,排球
wastrology,11,编年史
watch_type,1,监视( T)
whamoworld,2,这个世界
windenergy,1,风能
word_sense,1,字数
yale_topic,1,雅尔语 主题
yoganandan,3,瑜伽南丹语
zeropointv,2,零点v
zxspectrum,31,zx光谱
aat_mapping,1,绘图( M)
abrudtkuhul,2,阿布鲁特库胡尔
aceattorney,2,捷径律师
achievement,13,成绩
acocksgreen,1,北极绿
ad_director,2,add 导演
advertising,21,广告
angiexiayin,2,阿吉克赛因
animalnames,16,动物名称
anime_title,14,动画标题( T)
appellation,1,缩写
ar_province,2,省会
area_served,2,区域( S)
armed_force,34,武装
art_gallery,2,艺术( G)
art_subject,161,艺术 主题
artmetadata,6,艺术数据
artwebsites,1,艺术网站
asset_owner,39,资产所有者
attribution,1,归属
award_judge,4,裁决 法官
babypixie34,1,婴儿皮克西34
ballet_rank,1,芭蕾舞 排行榜
band_leader,1,带宽( L)
beaconlight,1,灯塔灯
bibliostuff,2,双曲线
blacklisted,2,黑名单
blog_design,1,博客设计( D)
breakingbad,2,破烂
breed_group,1,品种( G)
brianussery,1,布里安·卢塞里(Brianusserry)
bridge_type,2,桥型( T)
burjkhalifa,1,布尔杰卡利法
caseysbased,1,基于案例
cdnpolitics,24,政治学
celebrities,857,名人间
chess_color,2,围棋( C)
chinacities,9,汉字
cn_province,16,cn 省会
collectives,31,集体
collegeprep,3,大学预科
comic_books,154,漫画书
comic_strip,1,漫画脚步
competition,2,竞争
composition,1,组成
conferences,52,会议
constrction,1,缩写
creationism,2,创造主义
creationist,1,创建者
csa_product,1,csa 产品
damslattery,2,坝体
dance_style,3,舞风
dance_venue,1,舞风
description,1,说明
distributor,4,分销商
domaintest5,2,域测试5
domaintest7,1,域测试7
domaintest8,2,域测试8
donald_nagy,1,甜甜圈( N)
earthquakes,78,地震
engineering,52,工程学
es_province,1,省会
event_class,3,事件 类
exhibitions,173,展览
explanation,1,解释
file_format,3,文件格式
film_critic,3,电影   批评
film_format,9,胶片( F)
film_series,4,电影系列
film_studio,1,胶片 studio
filmcameras,8,电影摄像头
firefighter,1,消防员
foodrecipes,40,食谱
game_series,2,游戏( S)
geolocation,1,地理位置
goldenbooks,4,金色书
golfcourses,2,高尔夫球场
gossip_node,1,八卦节点
gossipgirl1,5,闲话女孩1
gossipgirl3,7,闲话女孩3
government2,9,政府2
grade_level,2,级别( L)
gregtyrelle,1,格勒泰雷尔
harrypotter,36,电击手
hockey_team,79,曲棍球小队
horse_breed,2,马力( B)
horseracing,4,赛马
hotel_brand,2,旅馆品牌
hp_computer,1,hp  计算机
human_sense,1,人类语气( S)
hunting_dog,1,猎狗
hypotyposis,1,假冒症
id_province,5,id 省会
illustrator,16,插图
in_district,3,地区
inspiration,9,灵感
institution,1,机构
int_zm_nyek,5,int zm nyek (单位)
interviewee,3,受访者
interviewer,2,面试者
island_area,1,岛屿区域
it_province,14,省会
ivanwong_23,1,ivanwong 23 (英语).
jobmastates,24,工作状态
journalists,6,记者
kaplanmyrth,1,卡普朗梅尔斯
kp_province,1,kp  省份
lawyer_type,5,律师类型
legal_right,1,合法( R)
listed_site,87,上市网站( S)
lubenotlube,11,润滑油
manga_title,2,漫画( T)
market_area,7,市场 区域
martial_art,7,武术
mathematics,5,数学
maximumnj15,1,上限j15
meanstreets,7,街道
media_genre,343,介质类型( G)
metaratings,1,计量
meteorology,109,气象学
mexicanfood,10,墨西哥食品
missamerica,1,墨西哥
mixed_drink,1,混合( D)
montypython,7,mon
moral_agent,6,道义代理人
motorsports,1,运动场
mst3k_short,1,mst3k 短数
music_video,6,音乐 视频
musicvideos,23,音乐视频
my_homepage,13,我的首页
mybasexibei,1,我的基地北区
myfirsttype,1,我的第一个类型
myinterests,1,我的兴趣
name_source,421,名称( S)
nationality,1,国籍
new_zealand,2,新泽地
newyorkcity,186,新奥尔良
ninamarlene,6,尼纳玛琳
nl_dominion,2,nl 属性
nl_province,11,nl 省会
nndb_person,2446,nndb 个人
nobelprizes,168,无贝尔普雷兹
noble_house,6,贵族住宅
noble_title,4,高级标题( T)
nz_dominion,1,nz 多维度
object_type,1,对象类型
observances,2,纪念活动
observatory,1,观测站
opera_genre,7,歌剧流派
option_list,2,选项列表( L)
paper_shape,1,纸张形状
park_system,3,park 系统
partnership,11,伙伴关系
performance,16,业绩
periodicals,1489,期刊
person_sign,148,符号( S)
pescosolido,1,松饼
philosopher,60,哲学家
pome_fruits,2,果实
postal_code,22,邮政编码
prayer_book,1,祈祷页( B)
printmaking,5,打印
prison_type,1,监狱类型( T)
pro_athlete,165,亲选
proficiency,1,熟练程度
programming,4,方案拟订
psygnisfive,5,心理医生
publication,3,出版物
ranked_item,1932,排序( R)
ranked_list,9,排序( L)
real_estate,1,不动产
real_person,3,真实人物
restaurants,1,餐厅
risk_factor,99,风险因素
rocket_fuel,1,火箭 燃料
royal_house,2,皇室( H)
royal_realm,4,皇家现实
saltproject,8,盐类项目
scottishmps,2,缩略语
scubadiving,26,恶作剧
sector_type,1,扇形类型
serjtankian,15,塞尔维亚
shahidul_15,2,沙希杜尔  15
shaped_city,15,形状( C)
shareholder,13,股东
soccer_team,4,足球队
socialdance,9,社交活动
socialgraph,1,社会图
songwriters,26,作曲家
sovereignty,3,主权
spaceflight,24,空间飞行
sponsorship,13,赞助
sport_extra,9,运动( Extra)
sport_medal,3,运动( M)
sports_team,1003,运动团队
sports_test,11,运动测试( T)
star_system,1,恒星系统
starcrossed,1,星际交叉
stefankumor,8,斯泰凡库莫尔
superheroes,3,超级英雄
supertopics,4,超专题
switzerland,12,斯维策兰
symbol_user,5,符号“用户”
tabletennis,7,餐饮
tamilmovies,1,塔米尔莫维人
team_gender,2,团队 性别
team_roster,3,团队( R)
techgnostic,21,技术
televisions,8,电视机
the_27_club,46,27 俱乐部
thebigpitch,26,大块头
thejurypool,1,陪审团
theme_parks,1,主题( P)
thewestwing,20,西侧
tina526base,8,蒂纳526基
topic_extra,1,专题 外部
tournaments,49,锦标赛
translation,2,翻译
trash_metal,1,回收站( M)
tv_director,473,tv 导演
tv_location,52,tv 地点
tv_producer,828,tv 生产者
uk_dominion,10,uk dominion 语句
underground,1,地下
us_congress,82,我们的大会( C)
us_dominion,4,我们的主控
vampirehigh,3,吸血鬼高处
whedonverse,21,转弯
wine_region,20,葡萄酒区域
worldhiphop,23,世界跳动
worldwartwo,78,世界大战
adapted_work,200,适应工作( W)
airport_type,1,机场 类型
americanidol,10,美国醇
ancientegypt,2,古埃及语Name
animal_breed,7,动物( B)
animal_owner,9,动物所有者
anime_series,14,anime 序列
api_provider,9,api 提供方
architecture,359,结构
argumentmaps,287,参数图
award_winner,3599,获奖者( W)
barbie_theme,1,barbie 主题
bintro_topic,1,二进制主题( T)
bioventurist,112,生物通风师
birdwatching,2,观鸟
board_member,99,理事( C)
bodybuilders,2,健美运动员
book_subject,2334,书目 主题
boxing_match,1,拳击( M)
breed_origin,88,品种来源
bridge_extra,1,桥外
bv_geography,2,bv 地理学
ca_territory,3,ca 领土
capital_city,5,大写( C)
captial_city,1,投降( C)
carlo_velten,1,carlo velten
carmenmfenn1,31,车门芬1
casino_owner,2,赌场所有者
casino_theme,25,赌场主题
causal_event,1,因果活动
centenarians,3,百岁
chess_player,27,围棋玩家
chinmaygarde,1,下士会
christianity,10,基督教会
city_council,1,城市( C)
civil_parish,14,民事( P)
coat_of_arms,2,图标( A)
coffee_brand,1,咖啡品牌
collaborator,1,合作者
column_genre,2,列类型( G)
comedy_genre,8,喜剧 流派
comedy_group,2,喜剧 组
comic_strips,34,漫画
common_sense,12,常识( S)
company_type,8,公司类型( T)
concert_film,2,音乐会 电影
concert_tour,2,协奏曲( T)
content_type,1,内容( T)
context_name,873,上下文名称
council_area,13,理事会区域
cricket_team,8,板球小队
crime_victim,30,犯罪 受害人
cryptography,2,密码学
cuisine_dish,4,烹饪   干
cvg_designer,38,cvg 设计器
cvg_platform,18,cvg 平台
daftwordhero,1,达夫特语英雄
detroiter313,5,detroiter313 (英语).
digitalmedia,1,数字媒体
dongchun1984,1,东春(1984年)
duiattorneys,6,律师
edible_plant,2,可食用植物
editor_title,3,编辑器( T)
elisa_dushku,1,埃利萨-杜什库
endorsements,6,认可
engineering1,6,工程1
entertainers,15,艺人
ethnic_group,3,种族
famous_czech,1,著名( C)
federal_city,2,联邦( C)
fgdc_keyword,12,fgdc 关键词
film_company,31,电影 公司
film_ratings,1,胶片( R)
film_studios,2,电影研究( S)
film_subject,572,胶片 主题
first_family,1,第一个家庭( F)
food_product,4,粮食 产品
former_state,1,前态
freesoftware,1,免费软件
frickenfunny,1,该死的
galalelsoury,2,格莱勒苏里
geektastique,3,奇特的调味品
gr_periphery,1,gr 周边
gratefuldead,24,谢天谢地
groovehunter,11,格鲁弗猎手
group_member,1408,组 成员
hall_of_fame,12,图标( F)
henrimatisse,1,鸡尾酒
home_address,1,地址
horticulture,22,园艺
imdb_profile,2,图像( P)
infinitejest,4,无限欢乐
irish_county,23,爱尔兰语( C)
island_group,7,岛群
italian_city,2,意大利语 城市
italianbooks,3,意大利图书
jambandmusic,4,干扰音乐
jamesbond007,46,贾梅斯邦007
johnmarshall,1,约翰马歇尔
joshuamclark,1,乔斯瓦姆克拉克
jp_city_town,11,jp 城市 镇
juniorbonner,5,初级
kamal_parvez,2,卡马尔-帕尔韦斯
kenny1234567,2,肯尼1234567号
kishorekumar,1,基肖尔库马尔
land_manager,1,陆地管理器
last_fm_band,1,最后一个( fm 波段)
legal_system,6,法律系统
lewiscarroll,1,莱斯卡罗
living_thing,1,活动( W)
logoed_topic,1,标记为主题( T)
lynndemarest,1,伦敦
mailinglists,1,邮件列表
manga_author,1,漫画作者
manufacturer,3,制造商
marchmadness,111,游行疯狂
marciopadrao,16,马尔西奥帕德拉奥
marijuana420,8,大麻420类
martial_arts,18,武术
masterthesis,288,硕士
mathematics1,5,数学1
maxhudson184,10,最大宽度184
media_common,4163,媒体  常见
media_format,7,介质格式
media_source,1,媒体( S)
mediapackage,3,媒体包装
medical_term,106,医疗学期
mla_operator,1,mla 操作器
motivation_s,7,动机( S)
moviereviews,3,电影审查
municipality,38,市镇
music_artist,3,音乐 艺术家
musical_form,2,音乐( F)
musical_game,6,音乐游戏
musical_term,1,音乐( T)
musicalstyle,2,音乐风格
musicmanager,6,音乐管理器
mylittlepony,4,我的小马
myspace_user,276,我的空间用户
named_person,43,名称( P)
neighborhood,20,邻里
noble_person,30,高级人物
nris_listing,20,正则列表( I)
onechanneltv,57,单通道tv
onephylogeny,35,单亲性
opera_singer,3,歌剧唱家
orbited_body,4,轨道( O)
organization,5935,组织
owned_animal,2,自有的动物
paintertable,2,绘画表
park_feature,2,公园( F)
pastusobrown,43,面额
paullinkedup,1,保罗连结
permaculture,14,长期农业
person_extra,603,外部单词
photographer,2,摄影师
phpdeveloper,10,开发者
plural_topic,1,复数主题
port_of_call,15,调用端口( O)
product_line,9,产品 行
programming1,1,方案规划1
project_role,33,项目( R)
project_type,1,工程类型
propositions,35,提议
protest_type,2,抗议类型
publications,1,出版物
publicsafety,2,公共安全
questionable,1,有问题
radio_format,45,收音机( F)
ranked_lists,172,排序( L)
record_label,169,记录  标签
record_types,2,记录 类型
registrosvoz,3,登记
rfid_company,3,rfid company (中文(简体) ).
rogerfederer,1,收到请求者
roman_empire,6,罗马语 empire
roman_region,2,罗马语区域
rugby_player,1,橄榄球运动员
sanfrancisco,48,桑弗朗西斯科语Name
screamfestla,1,尖叫节
sementic_web,3,固态  网络
shapedcities,30,形状城市
ship_builder,12,建造船
skateboarder,2,滑板游戏
skill_output,1,技能输出
skilled_role,3,技术作用
slowmovement,2,缓慢移动
smarthistory,18,智能历史
soccer_squad,1,足球队
software_use,1,软件( U)
space_agency,1,空间机构
special_ward,2,特别向导
speech_topic,24,语音( T)
springfields,4,弹簧场
storytelling,3,讲故事
studyireland,1,学习区域
tagged_topic,48,标记主题( T)
targetstores,1,目标
technologies,1,技术
thesocialset,26,社会集
torchbearers,1,火炬手
tourdefrance,3,旅游障碍
toy_category,2,玩具类( C)
transit_line,1,中转线
transit_stop,6,中转站( Stop)
tv_character,38,tv 特性
tv_crew_role,21,tv 乘员 作用
twinned_town,19,双胞胎镇( T)
twinnedtowns,38,双胞胎城镇
twitter_user,84,推特用户
type_of_dish,1,diish 类型( O)
type_profile,1,类型( P)
ufo_observer,1,观测器
ukparliament,15,议会
universities,3,大学
urbanlegends,3,城市群
us_president,37,我们的主席
us_territory,4,us 领土
usgovernment,10,我们的政府
uspolitician,3,巫师
venice_scene,1,风景( S)
washingtondc,84,洗衣机dc
webdeveloper,1,网络开发者
welshculture,2,纺织业
wine_regions,1,葡萄酒区域
worldwonders,8,世界园丁
written_work,5,写入( W)
yacht_racing,6,游艇竞速
yuribushagin,1,乌里布沙金
academyawards,781,学士学位
accommodation,2,住宿费
ad_spot_actor,3,ad spot 显示器
adopted_child,1,被收养的孩子( C)
adult_content,1,成年内容( C)
aircraft_line,1,飞机( L)
aircraft_type,1,飞机 型号
airport_extra,1,机场( A)
american_poet,1,美国语小于
animal_gender,2,动物 性别
architecture2,4,结构2
artistpainter,5,艺人
assassination,6,暗杀
athlete_extra,56,运动员外部( Extra)
aubreymaturin,170,奥布里马图林
award_nominee,4084,授予( N)
ballet_dancer,1,芭蕾舞剧演员
ballet_school,1,芭蕾舞 学校
baseball_team,41,棒球队( T)
basebase1base,3,基础1 基础
baywatchbabes,5,湾表贝
bearded_freak,5,胡须( Freak)
beverage_type,1,饮料  类型
bibs_location,910,bibs 位置( L)
body_of_water,21,单位 水
braziliangovt,8,巴齐利亚戈夫特
breeds_of_dog,5,品种( O)
bridge_player,6,桥牌玩家
cars_refactor,5,车厢( Refactor)
cause_of_loss,1,损失原因( O)
cellfishmusic,2,手机音乐
chinesemovies,8,中国人
chinesezodiac,1,中国黄道
choreographer,1,编舞
chriseppstein,1,鸡尾酒
clique_member,11,成员
club_interest,14,俱乐部 利息
code_category,7,代码( C)
column_author,7,栏( A)
comedy_writer,10,喜剧作家
commoningcafe,2,普通咖啡厅
consciousness,1,意识
convictsydney,2,定罪
cool_musician,1,凉爽的音乐人
creative_work,1,创造性工作
crime_accuser,4,犯罪行为( A)
crime_suspect,4,犯罪 犯罪嫌疑人
cryptographer,1,密码学家
culturalevent,75,文化活动
cvg_developer,100,cvg 开发者
cvg_publisher,110,cvg publisher (中文(简体) ).
cycling_event,1,循环活动( Y)
da_hillz_boyz,1,达 希尔兹 博伊兹
dance_tv_show,2,跳动  tv 显示
data_provider,4,数据提供者
database_host,4,数据库( H)
date_of_death,1,死亡日期( O)
daylifetopics,236,日间生活主题
diet_follower,92,饮食( F)
digitalcamera,2,数码相机
disaster_type,2,灾难类型
disease_cause,63,疾病 因为
disease_stage,1,疾病( P)
draft_athlete,1,草稿( T)
entertainment,1,娱乐
event_outcome,1,事件 结果
exercise_type,2,练习类型( T)
family_member,89,家族成员
famous_author,10,著名作者( A)
famous_object,1,著名对象( O)
famousobjects,1,著名对象
fantasticfest,7,精彩的节日
fashion_model,11,时尚模式
fashionmodels,77,时装模特
federal_state,1,联邦
feed_category,3,feed 分类
film_cut_type,2,胶片 剪切 类型
film_festival,5,电影节( F)
film_location,594,胶片位置( I)
film_musicals,6,电影 音乐
film_theorist,1,电影理论家
filmographies,17,电影
flag_referent,311,旗标( R)
flightnetwork,1,飞行网络
food_additive,3,食物添加
football_team,847,足球队
former_colony,1,前殖民地
fr_department,18,部门
game_designer,8,游戏设计器( D)
gameplay_mode,2,游戏播放  模式
gcmd_keyword1,1,gcmd 关键词1
golf_facility,1,高尔夫球设施
goodrelations,2,良好关系
grape_variety,1,葡萄变数
graphicnovels,4,图形小说
greenbuilding,1,绿色建筑
guysnamedfred,2,伙计们叫弗雷德
hauntedplaces,1,闹鬼的地方
head_of_state,1,状态标题( F)
hoax_location,3,骗局位置
hockey_league,2,曲棍球协会
hockey_player,2,曲棍球运动员
hull_material,1,壳体  材料
impressionism,3,印象主义
inaugurations,72,就职典礼
indian_tribes,1,印地语   部落
infoafricanow,1,现在非洲
internet_meme,1,互联网 我
internetmemes,2,网点
iskaldursbase,1,碱基
iucn_category,1,iucn 类别
jewishstudies,22,犹太研究
jobstoredotin,1,任务重排
jonnydomestik,1,约尼多米斯蒂克
jp_prefecture,18,省会( P)
judaica_owner,1,judaica 拥有者
kaireesystems,1,矿床系统
karnaticmusic,1,卡尔纳特音乐
lastfm_artist,1,lastfm 艺人
legal_subject,7,法律主题
lewisandclark,102,蓝宝石
lindagirl2011,2,2011年女孩人数
list_category,1,列表( C)
lloydbancaire,1,卢森堡
local_history,1,本地历史
loveyou2madly,12,爱你两个疯狂
lrerutdanning,2,冷冻
macronutrient,4,宏营养素
manuelbuenaga,2,马努埃尔布埃纳加
mathematician,3,数学家
mediaextended,18,媒体延伸
meeting_focus,10,会议 焦点
menu_provider,1,菜单( P)
microorganism,1,微生物
military_post,24,军职
mobile_phones,33,手机
moral_agent_m,2,道义( A)
mountain_type,1,山形类型
movietheatres,4,电影剧场
murder_method,5,谋杀方法( M)
music_teacher,20,音乐   老师
musical_group,206,音乐小组合
mylifetimecom,1,我的生命时间com
narcotic_drug,1,麻醉药品
nascar_driver,1,Nascar 驱动器
netflix_genre,168,净弗利克斯  流派
netflix_title,1927,净flix 标题
northcarolina,25,北卡罗琳娜州
nuclear_power,8,核电
olivergbayley,2,橄榄球会
olympic_event,1,奥林匹克活动
olympic_games,43,奥林匹克游戏
olympic_medal,3,奥林匹克 medal
olympic_sport,64,奥林匹克运动( S)
olympic_venue,1,奥林匹克 风景
organic_thing,67,有机键( W)
organism_part,2,有机块( D)
organizations,4,组织
original_idea,32,原创 idea
original_name,1,原始名称
phytochemical,1,植物化学
pokemon_basis,4,插孔基数( B)
polled_entity,1,接受调查的实体
postneolithic,25,后石学
private_pilot,17,私人驾驶
product_brand,7,产品 品牌
product_model,2,产品 模型
product_theme,28,产品 主题
project_focus,72,项目 焦点
project_phase,1,项目 阶段
pronunciation,1,发音
qualifikation,2,qua
radio_network,6,无线电网络
radio_station,5,无线电台
radio_subject,69,电台 主题
radiostations,9,无线电台
recorded_work,1,记录工作( W)
release_track,1,释放轨道( T)
retail_outlet,3,零售( O)
retail_stores,1,零售商店
reviewed_work,8,已审查工作( W)
revolutionary,3,革命主义
ride_designer,8,运算符( D)
roman_emperor,1,罗马语( E)
salzburgnight,3,萨尔茨堡之夜
schemastaging,4771,计划
school_mascot,13,学校( mascot)
schwarzenbach,1,施瓦岑巴赫语Name
scottish_clan,1,苏格兰语( C)
scottishclans,2,苏格兰兰
semanticnames,3,语义名称
series_editor,1,序列编辑器
sexual_fetish,1,性爱( F)
skateboarding,8,滑板
sport_country,94,运动 国家
sports_league,13,运动同事
sportsrecords,2,运动记录
sportssandbox,2,运动箱
stradivarius6,1,斜变6
tallactresses,4,计数器
technopundits,10,技术
tennis_player,9,网球运动员
theater_actor,612,剧场( A)
theater_genre,46,剧场流派( G)
theatre_stars,2,剧场( S)
themuppetshow,6,他们的木偶放映
thoughtranker,7,思绪型
time_interval,1,时间间隔( T)
titled_person,72,标题( P)
train_station,1,火车站
tv_crewmember,9,tv 船员
twitter_topic,1,推特主题
type_of_agent,1,代理类型( A)
type_of_event,2,活动类型( O)
type_of_rugby,2,类型( R)
type_of_thing,17,类型( W)
unitednations,28,联合
urban_commune,1,城市社区
vancouver2010,102,梵库维2010年
verrecarnaval,3,阴道导航
video_release,1,视频( 释放)
visual_artist,66,视觉艺术家
website_owner,85,网站拥有者
winning_night,4,获胜夜
x1930s_movies,2,x1930s  movies (中文(简体) ).
x1940s_movies,2,x1940s  movies (英语).
x1950s_movies,2,x1950s  movies (中文(简体) ).
zsi_editorial,48,zsi 编辑
activism_issue,33,活动 问题
adopted_person,2,被采纳者( P)
aircraft_model,2,飞机型号
aircraft_owner,38,飞机拥有者
americancomedy,1161,美国喜剧
ancient_greece,1,古希腊语Name
andrewswerdlow,1,转弯
anime_director,1,anime 方向器
appointed_role,9,任命( R)
aptamer_target,4,普塔默尔 目标
armoryshow1913,8,1913年军械库
articleindices,6,物品
asteroid_group,1,小行星组
athletics_area,9,运动区( A)
award_category,488,裁决  类别
award_ceremony,149,授奖仪式( C)
awrinkleintime,4,皱纹时间
baconpatiobeer,2,培根花鸟
bollywooddiary,1,杂木
book_character,19,书名( C)
breed_registry,1,品种( R)
cabinet_member,3,内阁 成员
cause_of_death,108,死因( O)
chabot_bernard,5,沙发( B)
changing_thing,2,更改( W)
character_rank,17,字符排序( R)
chivalric_rank,1,骑士( R)
christmas_film,4,圣诞节 电影
cittaslow_town,1,城镇
city_with_dogs,50,带有   dogs 的城市
civil_marriage,1,公证结婚
classification,1,分类
colonial_power,1,殖民权
content_rating,1,内容( R)
contractbridge,14,合同桥
costume_styles,4,服装( S)
cricket_player,1,板球选手
criminal_trial,1,刑事审判
crisissoftware,1,危机软件
data_structure,1,数据 结构
database_topic,49,数据库( T)
dated_location,2398,日期( L)
dbpedia_import,178,dbpedia 导入
decision_maker,2,决策者( M)
dedicated_work,32,专用( W)
default_domain,3084,默认区域
digitalcameras,3,数码相机
dog_coat_color,4,条coat color
electricalcars,1,电动车
endofallthings,25,一切的尽头
event_category,8,事件  类别
event_producer,1,事件( P)
execution_type,1,执行类型
existentialism,12,存在主义
exoplanetology,3,外行星学
exterior_color,4,外部( C)
featured_topic,1,专题
femalediseases,8,女性疾病
field_of_study,230,学习区域( O)
film_character,27,胶片( C)
filmfareawards,10,胶片
filmflexmovies,154,胶片胶片
focal_location,36,焦距位置
football_coach,2,足球俱乐部
formula_1_team,1,公式  1  团队
frenchpolitics,1,法国政治
game_character,12,游戏( C)
game_publisher,8,游戏( P)
gaming_console,1,游戏控制台
garrettstrobel,2,格勒特斯特罗贝尔
gendered_topic,2,性别( T)
geodescription,1,地理描述
gh_focus_areas,3,gh 焦点 区域
grammalseizure,1,格鲁玛塞苏尔
graphic_design,7,图形设计
greater_london,6,大号( L)
greek_loanword,38,希腊语  借词
greeneducation,3,绿色教育
hampsteadheath,1,汉普斯特福
holiday_period,1,假日 期间
honorary_title,123,荣誉( T)
hospital_drama,2,医院剧情( D):
hotel_operator,3,酒店运营商( O)
human_language,66,人类语
humanresources,2,人力资源
hummingbirdhub,1,蜂鸟胡
identification,1,识别
inflation_rate,1,通货膨胀率 
influence_node,2716,影响( Node)
infrastructure,20,基础设施
injured_person,15,受伤人员
irish_politics,2,爱尔兰语   政治
judicial_title,4,司法标题
kurtsmusikbase,3,库茨穆斯基基地
ladyterminator,1,女士终结者
leergebied_vak,1,列尔格比德  vak
life_insurance,1,人寿保险
literary_genre,129,文学流派
londontheatres,4,伦敦剧院
magazine_genre,31,杂志流派( G)
magazine_topic,10,杂志主题
man_made_thing,64,人为( M)
managed_artist,5,管理艺人( A)
martial_artist,10,武术家
massage_origin,1,按摩来源
military_power,259,军力
mined_material,3,已雷区  材料
monetarydebase,9,货币基准
monster_gender,2,怪兽 性别
mosaic_country,1,马赛克语color
mountain_range,13,山脉( R)
mountainhiking,2,登山
mtg_mana_color,5,mtg mana 颜色
musical_artist,6,音乐小艺术家
nascar_sponsor,8,纳斯卡尔 赞助商
nathalieatalla,4,纳塔利亚塔拉
nfl_ladies_man,1,nfl ladies man (中文(简体) ).
nitromaster101,30,硝化炉101
notable_couple,1,备注( C)
notable_person,6,备注( P)
nutrient_extra,72,营养素  外部
object_profile,1,对象( P)
oldmovielovers,1,老莫维埃洛弗斯
onewayshopping,3,单程购物
online_project,1,在线  项目
ontology_class,15,肿瘤学类( C)
opera_director,2,歌剧 导演
opera_producer,2,歌剧制作者
organic_object,60,有机对象( O)
organizations1,1,组织1
original_owner,34,原始拥有者( O)
ottoman_empire,6,奥托曼语 empire
part_1_offense,2,部分  1  防御
performing_art,5,执行( A)
pharmaceutical,1,制药
philbsuniverse,66,双曲线
plantstructure,1,植物结构
poem_character,2,诗歌名称( C)
pokemonspecies,1,刺mon物种
principal_area,6,主区域
private_equity,1,私募股权
product_skills,9,产品 技能
programmingart,12,编程艺术
proposal_agent,14,建议代理人( A)
propowerrooter,1,推进器
protected_site,2,保护网站
psychoanalysis,3,心理分析
public_speaker,40,公共演讲器
publicspeaking,2,公共语言
published_work,5,已发布( W)
rehab_facility,2,康复设施( F)
related_people,1,相关( P)
related_topics,1,相关 专题
religious_text,1,语句
research_topic,8,研究 专题
reviewed_topic,29,审查的专题 
rivalry_spoils,1,竞争( S)
rivers_visited,4,访问河流( V)
roccellajonica,1,罗切拉霍尼卡
rugby_position,1,橄榄球位置( P)
runwaymagazine,1,跑道磁铁
school_subject,25,学校 学科
seasonal_month,13,季节( M)
secret_society,2,秘密社会
sharable_thing,1,乱七八糟的
sharing_system,1,共享系统( S)
sherlockholmes,8,谢洛克霍尔姆斯
ski_area_owner,2,滑雪区域( A)
skill_category,1,技能   类别
software_genre,23,软件流派( G)
solid_material,2,固体   材料
sopranosingers,34,女高音演员
sprocketonline,23,闪烁线
stefanocolzani,1,斯泰法诺科尔扎尼
the1968project,1,1968年项目
thesolarsystem,4,系统
transit_agency,2,过渡机构
transit_system,2,中转系统
transport_type,1,运算器 类型
transportation,5,运输
tv_actor_extra,57,tv 演员 外部
tv_personality,955,tv 个性
tv_soaps_actor,1,tv soaps 演员
type_of_injury,1,伤害类型( I)
type_of_museum,2,类型( M)
uoa_technology,3,uoa 技术
urban_district,44,城市地区
video_standard,1,视频 标准
violation_type,2,违反( T)
warrant_issuer,5,授权签发人
wealthy_person,13,有钱人
wissamshekhani,2,维桑谢哈尼
wonder_creator,1,奇数创建器
x_common_topic,1,x 常见  专题
Futures_Studies,12,未来  研究
abbeysofbritain,3,修道院牧师
adoptive_parent,1,收养 父母
amusement_parks,69,游乐园
animal_synopses,17,动物概要( S)
animal_synopsis,12,动物概要
animalpathology,10,动物病理学
appellate_court,2,上诉法院
at_municipality,5,城市数量
athletics_medal,3,运动员 医学
autonomous_city,1,自动城市
ballet_composer,14,芭蕾舞  组合器
baseball_league,1,棒球同学
baseball_player,10,棒球运动员
basketball_team,58,篮球 团队
bollywood_films,11,胶片
business_cliche,1,商业   cliche
c12256912458019,1,c12256912458019 (中文(简体) ).
campaign_issues,4,活动( I)
canadian_lawyer,1,加拿大语 律师
character_class,1,字符类( C)
cherferroggiaro,2,雪佛兰吉亚罗
chief_executive,1,主执行
chief_of_police,2,警察总长
chivalric_order,8,骑士  顺序
chivalric_title,3,骑士 标题
cinemainspector,161,电影监督员
cinematographer,166,电影摄影师
city_in_fiction,1,城市小说
clique_interest,6,兴趣
cloudcomputing1,1,云计算1
cn_municipality,4,cn 市镇
coachjudynelson,1,朱迪内尔森教练
company_advisor,11,公司咨询
computerscience,9,计算机科学
consumermedical,212,消费者医疗
contact_product,54,联系人 产品
content_license,1,内容   许可证
corporate_whore,1,企业 妓女
cuisineindienne,4,烹饪
cultivar_origin,10,种植地 原产地
cycling_terrain,1,循环( terrain)
dataengineering,1,数据工程
deceased_person,1182,已死亡人员
defunct_company,83,已停业 公司
defunct_country,5,已撤销( N)
derivativeworks,1,衍生作品
designated_city,9,指定城市( C)
diagnostic_test,1,诊断( T)
digisynddillonm,1,digisynddillonm (英语)
disabled_person,18,禁用人员
dog_breed_group,2,犬类( B)
drafted_athlete,19,已起草( R)
drug_in_fiction,2,药物 在虚构
drug_ingredient,62,药物
economic_bubble,1,经济泡泡
economic_events,2,经济活动
economics_prize,1,经济学( P)
elizabeth_banks,1,伊丽莎白银行 银行
ellerdale_topic,1,埃列尔代尔  专题
enrico_speranza,2,斯佩兰扎语Name
executed_person,3,已执行( P)
facetedbrowsing,3,面部浏览
featured_artist,240,艺人
federal_subject,3,联邦主题
federative_unit,2,联邦单位
festival_series,5,节( S)
film_collection,1,电影收藏( C)
film_crewmember,137,摄制组成员( C)
findbandmembers,3,查找带成员
food_web_member,6,食物 网络 会员
football_league,3,足球联盟
football_player,111,足球运动员
footballcoaches,2,足球馆
founding_figure,3,创建( F)
francoisdongier,1,法语
freedom_fighter,1,自由战士
fustbariclation,1,烟熏
gender_identity,2,性别认同
geotagged_image,1,图形
gerardovalentin,1,热尔多华宁
greek_mythology,1,希腊语 神话学
grupos_musicais,16,音乐
hannsheinzewers,2,汉辛泽尔人
herb_complement,1,草药( C)
historicalfilms,9,历史电影
hockey_position,5,曲棍球位置( P)
homesteadstrike,3,家庭补贴
honorarydegrees,4,荣誉学位
honoured_person,1,荣誉( P)
house_committee,2,页:1
human_resources,7,人力资源
indianelections,28,印第安人选举
ingredient_type,1,成分 类型
iranianbuilding,1,伊斯兰建筑
jamaicanculture,2,果酱种植
journeytoprozac,1,行程
jp_special_ward,2,ưμ㼯A
key_application,5,密钥 应用程序
key_contributor,2,密钥( C)
kind_of_rivalry,6,类型( R)
kp_special_city,1,kp  特别  城市
language_family,3,语言   家族
large_dog_breed,3,大狗  繁殖
lastdestination,1,最后一次约会
license_version,1,许可证版本( V)
listed_building,1,列出的建筑
literary_series,1,文学系列
losangelesbands,34,丝带
mailing_address,1,邮件地址
manga_publisher,2,漫画( P)
markus_frankies,2,标记( F)
martijnweghorst,3,马尔蒂耶恩韦格斯特
measured_person,410,测量人数( P)
media_franchise,2,媒体( F)
merge_candidate,11,合并( C)
military_awards,14,军衔
military_person,185,军人
mobile_handsets,1,移动手集
mobilecomputers,4,移动计算机
monster_creator,1,怪物创建器( C)
motivated_event,9,活动
mrmasterbastard,1,马斯特巴斯塔德先生
murdered_person,18,被谋杀者( P)
music_performer,2,音乐( P)
music_publisher,19,音乐( P)
music_video_job,2,音乐   视频  工作
mysisterskeeper,5,我姐姐的守护者
naval_combatant,8,海军作战人员
newspaper_owner,32,报纸所有者( O)
nl_municipality,14,nl 市镇
nuclear_weapons,16,核武器
observatoriobpm,1,观察者bpm
olympic_athlete,52,奥运会 运动会
optical_science,1,光学 科学
overseas_france,2,海外( F)
overseas_region,1,海外地区
paleoingredient,2,纯度
patent_assignee,7,专利被转让者
performingearth,4,表演土
places_eastward,10,向东
places_westward,37,地点( W)
political_party,70,政党
pr_municipality,2,市镇
privatemilitary,1,私营军事
protected_sites,117,保护的站点( S)
publisher_extra,4,出版单位 外部
puffinnpolitics,4,泡泡政治学
pvonstackelberg,12,彭斯塔克尔贝格
recurring_event,21,重复活动( E)
religious_order,3,宗教顺序
research_center,1,研究( C)
retail_category,2,零售  类别
role_in_meeting,1,作用( M)
ru_federal_city,2,ru 联邦 城市
saveaussiemusic,2,拯救音乐
school_category,30,学校类别
school_district,2,学校 地区
secompaniesgt1b,1,公司名称gt1b
serialized_work,1,序列化  工作
sherlock_holmes,2,谢尔洛克( Holmes)
shipwreck_event,1,沉船事件
simpsons_writer,17,Simpsons 写作器
skill_equipment,1,技能设备
snl_cast_member,53,snl cast 成员
snl_fiver_timer,18,时间( T)
soccer_position,4,足球位置
social_software,84,社交软件
software_domain,1,软件域
source_organism,4,源组织
sovereign_state,192,主权国家( S)
spencermountain,48,斯彭塞尔山
split_completed,25,拆分( 已完成)
sports_facility,2,运动设施
sports_official,6,运动( O)
sports_position,54,运动位置
stock_character,5,存量( C)
studio_musician,1,录音室 音乐家
subject_of_diet,10,标题( D)
subject_of_joke,1,笑话主题( O)
super_bowl_goat,1,超级小鸟
theater_company,21,剧场 公司
title_presenter,4,标题( P)
topic_mentioned,2,提及的主题 
tourismontology,2,旅游业
tournament_team,2,锦标赛( T)
transit_vehicle,2,过境车辆
translated_work,3,翻译( W)
type_instrument,16,类型( I)
tyrranical_boss,4,毒性   boss
uk_civil_parish,26,uk 民用   parish
uk_council_area,7,uk council 区域
union_territory,2,联盟 领土
unreleased_game,1,未释放游戏( G)
usnationalparks,5,国家公园
vehicles_parked,3,已停用车辆( P)
venture_capital,71,风险 资本
victoriassecret,15,胜利秘密
visual_art_form,6,图像  艺术  形式
voter_registrar,1,登记人( R)
voting_district,2,投票 区
web_development,2,网络开发
wine_sub_region,22,葡萄酒   亚区域
work_of_fiction,218,工作( O)
world_cup_squad,30,世界( C)
youtube_channel,7,频道
abused_substance,1,滥用( A)
advertised_thing,9,广告( W)
advertising_role,1,广告( R)
airline_alliance,3,航空公司( Alliance)
airport_operator,5,机场运营者
alatasathanasios,5,阿拉塔萨塔尼奥斯
algorithm_family,6,算法( F)
allthingsnewyork,835,"所有东西,纽约克"
americancivilwar,2,美国内战
aniketpargaonkar,4,"aiketpargaonkar 互联网档案馆的存檔,存档日期2013-12-02."
antonym_relation,1,名称 关系
article_category,3,项 类别
australian_state,6,澳洲语 状态
australianpeople,1,澳洲人民
automotive_class,1,汽车 类
award_discipline,147,奖项 纪律
award_nomination,1,授标( N)
basilsamorucopia,1,巴西尔萨莫鲁科皮亚
basketball_coach,1,篮球( coach)
bio2rdf_chemical,1,生物2rdf 化学
birdconservation,10,鸟类保护
blogsemportugues,4,博客博客
brendankwilliams,1,布伦丹克威廉姆斯
building_complex,10,新建复数( Complex)
business_cliches,5,商务( C)
cabinet_position,3,内阁( P)
celestial_object,7,天体
character_gender,2,字符( G)
character_powers,15,字符权限( V)
charitable_field,5,慈善栏
chemical_element,10,化学元素( E)
chemical_science,1,化学 科学
circus_performer,1,马戏团( P)
cities_and_towns,11,城市( 和城镇)
classiccorvettes,11,经典科维特
cloned_character,2,克隆的特性( C)
cocktail_garnish,3,鸡尾酒
collectiblecards,2,可收藏卡
collective_focus,11,组合焦点
column_publisher,1,栏中( P)
comic_book_genre,39,漫画  book 流派
comic_book_inker,6,漫画  book  inker
competition_type,15,竞争( T)
complex_organism,1,复杂组织
conference_venue,8,会议( V)
consumer_company,81,消费者 公司
consumer_product,20,消费 产品
contact_category,9,联系人( C)
contraltosingers,52,反政府分子
convention_venue,3,公约
cricket_position,2,板球位置( P)
criminal_offense,4,犯罪
crown_dependency,3,冠依赖( D)
dental_specialty,1,牙科专业
design_specialty,1,设计 专业
digitalarchivist,13,数字档案学家
domestic_animals,7,国内动物
double_act_comic,8,双动 comic
elected_official,2,选中的官方( O)
endorsed_product,4,已认可产品( P)
endorsing_person,2,认可( P)
engineering_firm,3,工程学   公司
engineeringdraft,10,工程草稿
enhancedlocation,2,增加地点
environmentalism,6,环境主义
environmentalist,4,环保主义者
enzyme_inhibitor,1,酶  inhibitor
equivalent_topic,160,等同主题
event_in_fiction,5,事件( in)
exhibited_artist,4,显示艺人( T)
exhibition_venue,7,展览( V)
experted_subject,2,已鉴定主题
famous_deadheads,9,著名( D)
fantasy_football,69,幻想小球
fashion_designer,6,时尚设计器
fashion_retailer,1,时尚零售商
federal_district,2,联邦
fictional_object,3,虚构对象( O)
film_distributor,101,胶片( D)
film_ranch_owner,5,胶片( ranch 所有者)
fishery_location,29,渔场位置
game_voice_actor,103,游戏( V)
geographic_scope,12,地理范围
gift_card_issuer,10,赠与( C)
given_name_topic,1,给定的  名称  专题
gossipgirlbroken,4,流言蜚语的女孩
graphic_designer,4,图形设计器
group_membership,1,组( 成员)
hairstyle_gender,2,发型  性别
hindisoundtracks,8,离子轨道
historiaswidnika,2,托里亚斯维德尼卡
historical_event,6,历史事件
holiday_category,1,假日( C)
hud_county_place,573,hud 县 地点
ice_cream_flavor,1,冰激凌 风味
ikariam_research,3,ikariam  研究( R)
important_person,1,重要人物
important_topics,1,重要主题( T)
independent_city,1,独立城市( C)
influentialwomen,1,具有影响力的妇女
injury_treatment,1,伤害-治疗
italian_loanword,10,意大利语   借词
jewish_community,2,犹太语社区
jonathan_goodman,1,乔纳森好人
language_creator,2,语言创建器( C)
language_dialect,3,语言( D)
legislative_body,7,立法机构
librarianavenger,8,图书管理员
local_businesses,1,本地企业
macarthur_fellow,12,毛发  fellow
maximilianschich,7,最大强度
measurement_unit,1,测量 单位
memberofcongress,2,议员
metadata_keyword,4,元数据键字
meteorite_source,2,陨石来源( S)
michaelcrichton1,5,迈克尔克里克顿1
military_service,5,兵役
military_theater,2,军事( T)
molecular_entity,1,分子 实体
molecular_target,5,分子目标
moviemotel_title,3,电影机 标题
musical_composer,1,音乐组合器
musical_director,7,音乐 导演
natural_location,2,自然位置
non_profit_extra,149,非盈利性
northern_ireland,4,北爱尔兰语
oakvillebusiness,1,奥克维尔企业
object_of_parody,5,参数( O)
olympic_medalist,6,奥林匹克 医学家
operating_system,15,操作系统
outdoor_activity,2,户外活动
papoiteskingboys,2,偷窥男孩
parodied_subject,63,已解析主题
patronage_sector,6,赞助  部门
pedigreed_animal,2,动物
performance_role,132,性能( R)
person_with_name,1,名称( W)
pet_apparel_user,2,pet apparel 用户
phenotypic_trait,1,双螺旋
photograph_album,1,图片( album)
place_of_worship,3,错误位置( O)
playboyplaymates,17,游戏玩家
popular_websites,1,流行网站( W)
power_plant_type,1,电源 植入 类型
presidentialpets,2,总统候选人
primary_identity,2,初等身份( D)
printmaking_term,1,打印时间( T):
product_category,22,产品 类别
product_designer,2,产品设计器
product_endorsee,8,产品结果( endorse)
product_endorser,37,产品创建器( A)
product_promoted,1,产品 推广
productplacement,41,产品放置
proposedprojects,4,拟议项目
qualified_values,2,限定值( V)
quotation_source,105,引用( S)
railway_operator,1,铁道操作器
railway_terminus,13,铁路 结束
ranked_list_item,86,排序( L)
recording_studio,1,记录  studio
recordingstudios,3,录音
regional_cuisine,5,区域( C)
religious_leader,4,宗教领袖
reviewed_authors,2,被审查者( A)
roadrunnertalent,1,道路通畅度
school_tradition,3,学校 传统
service_category,9,服务  类别
sharing_location,11,共享位置( S)
siswimsuitmodels,64,女装模型
socialnetworking,2,社会联网
sociology_theory,1,社会学 理论
software_creator,2,软件创建器
software_license,6,软件 许可证
soundengineering,1,音响工程
sovereign_domain,1,主权区域
sports_equipment,2,运动设备
star_system_body,4,星体( S)
stimulustracking,19,刺激跟踪
strangeebayitems,2,奇怪的东西
subject_taxonomy,1,主题( T)
summermovies2009,392,2009年夏季活动
taxonomy_subject,498,分类学 主题
technology_class,1,技术 类
testmatchspecial,2,测试特殊
the_big_lebowski,4,大的李波斯基语
theater_designer,13,剧场设计器( D)
theater_director,66,剧场 导演
theater_producer,68,剧场 制片人
tigerbloodintern,1,虎血实习生
topic_film_title,1,专题 电影 标题
tournament_event,1,锦标赛 活动
trademark_holder,11,商标持有人
treaty_signatory,10,条约签署者
trenthergenrader,5,转基因器
tv_producer_type,1,tv 制片人 类型
tv_program_extra,23,tv 程序外
tv_program_guest,750,tv program 客户端
tv_series_season,6,tv 系列 季节
tv_station_owner,27,tv 站点 所有者
type_of_festival,2,庆典类型( F)
typeface_foundry,5,类型face 创建
uml_diagram_type,1,uml diagram 类型
us_national_park,1,us 国家( P)
venture_investor,49,风险投资人
visual_art_genre,5,视觉艺术  流派
website_category,93,网站 类别
whurrraywebworld,1,微风网世界
wireless_hotspot,1,无线热点
abbreviated_topic,7,缩略语 主题
ad_network_region,1,ad network 区域
adopted_character,1,已通过的字符( C)
adult_entertainer,1,成人( N)
aircraft_designer,5,飞机设计器( D)
alternate_persona,1,备用人名( P)
american_football,128,美国小球
anime_manga_genre,21,anime manga 流派
architecture_firm,3,结构( F):
at_statutory_city,5,法定( C)
athletics_country,24,田径 国家
audio_book_reader,14,音频读取器
australian_suburb,5,澳洲语  郊区
aviophobic_person,16,恐惧症( P)
bangladeshipeople,1,黑帮
barossavalleywine,1,萨瓦利酒
baseball_position,14,棒球位置( P)
basketball_player,22,篮球  玩家
birdwatching_term,1,观鸟时间
blackhistorymonth,183,黑历史月
bridge_tournament,1,桥形路径( T)
building_function,19,图标( 函数)
building_occupant,40,大楼( 用户)
business_location,27,商务( L)
business_services,1,商业   服务
californiahistory,3,加利福尼亚历史
campaign_location,3,活动位置( S)
career_succession,2,职业( S)
cfl_football_team,4,cfl  football 团队
character_species,21,字符( S)
chemical_compound,52,化学聚合
chicken_egg_color,1,鸡尾酒( E)
christianrapmusic,3,克里斯蒂安拉普音乐
citizenjournalism,3,公民记者
classicvideogames,2,经典视频游戏
coaching_position,4,辅导( P)
collaborator_role,6,协作者 作用
collective_member,15,集体成员
coloniesandempire,215,殖民地和殖民地
comic_book_editor,3,漫画 书本编辑器
comic_book_series,2,漫画 书本 系列
comic_book_writer,21,漫画   书写器
comic_strip_genre,19,漫画  strip 流派
competitive_space,6,竞争性空间( C)
computer_designer,7,计算机设计器( D)
computer_game_mod,2,计算机  game  mod
computer_hardware,1,计算机硬件
concept_developer,2,概念   开发者
concepts_theories,14,概念 理论
convention_leader,1,公约牵头人
country_of_origin,10,原产地国( O)
courier_transport,1,信使 运输
covering_material,1,覆盖  材料
crimeandforensics,1,犯罪和司法
csa_coverage_area,1,csa 覆盖区域
cultural_movement,1,文化运动
dance_movie_genre,1,舞蹈 电影 流派
datedlocationtest,30,日期定位测试
de_urban_district,44,市区( D)
deceased_organism,2,已死亡组织( O)
dinosaur_location,6,恐龙位置( L)
disaster_survivor,2,灾害幸存者
disputed_location,1,有争议的位置( O)
distilled_spirits,8,蒸馏( S)
documented_object,1,文档对象( O)
drug_legal_status,2,药物 法律 状态
drug_manufacturer,7,药品制造商
earmark_recipient,1,指定收件者
election_campaign,1,选举( C)
energy_technology,1,能源技术
environmental_art,5,环境艺术
eventparticipants,21,活动参与者
exercise_programs,4,演练 程序
fairy_tale_origin,3,童话( T)
federal_territory,1,联邦 领土
fermentation_base,1,发酵 碱
fictional_setting,218,虚构设置( S)
fictional_symptom,1,虚构 同义词
fictionaluniverse,11,虚构单曲
file_format_genre,1,文件( F)
film_art_director,65,电影 艺术 导演
film_set_designer,47,胶片 set 设计器
football_position,9,橄榄球位置
funeral_insurance,1,丧葬保险
government_agency,30,政府机构
governmental_body,34,政府机关
handball_position,1,手球位置( P)
historical_events,1,历史事件
historical_period,5,历史期间
historyof3dmovies,2,3dmovies的历史
hockey_conference,1,曲棍球会议( C)
identifier_issuer,1,标识符  签发者
ikariam_buildings,1,结构
industrystandards,1,工业标准
investment_broker,7,投资 经纪人
jewishcommunities,4,犹太社区
literary_movement,8,文学运动
liveuspoliticians,4,生活政治主义者
long_list_nominee,16,ưμ㼯A
magicthegathering,6,魔术收集
manga_illustrator,1,壁画
martialartsstyles,1,武术风格
medical_specialty,17,医学   专科
medical_treatment,31,医疗-治疗
meeting_organizer,2,会 议 组织者
metadata_keyword1,1,元数据键字1
metropolitan_area,1,大都会区域
metropolitan_city,2,大都会 城市
military_conflict,74,军事-冲突
militaryinfiction,33,军事虚构
mobile_tv_network,1,移动 tv 网络
montagueinstitute,12,蒙塔格扬
mothersoftheworld,1,世界母亲
mtg_creature_type,1,mtg creature 类型
music_contributor,707,音乐( C)
music_video_genre,15,音乐 视频 流派
musician_products,3,音乐家 产品
mysophobic_person,6,恐惧症小人
mythical_creature,4,虚构小说( C)
natural_satellite,4,自然卫星
news_organization,2,新闻组织
nfl_clothes_horse,1,nfl 布衫 马
notablenewyorkers,36,显著的新青年
nuclear_moderator,1,核调器
official_language,44,正式语文
olympic_host_city,32,奥林匹克 东道主 城市
onlineadvertising,30,在线广告
ontology_instance,2380,肿瘤学( N)
order_of_chivalry,12,缩略语( I)
organization_type,51,组织类型( T)
performance_venue,2,表演( V)
periodical_editor,5,期刊编辑器( E)
periodical_format,1,常规( F)
person_in_fiction,297,人物小说
philadelphiaqfest,5,菲拉德尔菲亚克节
physical_movement,2,物理运动
planned_community,1,已规划社区
police_department,1,警察部门
polling_authority,8,投票权限
practical_problem,1,实际问题
practicer_of_diet,156,练习器( D)
primary_candidate,11,初级日期( C)
pro_skateboarders,1,预选板
proofsareprograms,13,证明程序
proposed_solution,2,拟议解决方案
proposition_issue,15,命题  问题
protocol_provider,2,协议提供方
public_university,1,公立大学
quotation_subject,209,引号 主题
real_estate_sales,1,不动产( E)
reality_tv_season,1,现实   tv 季节
reason_for_arrest,2,逮捕理由( P)
recipe_ingredient,17,食谱
recreational_drug,1,娱乐 药物
relationship_type,1,关系( T)
release_component,1,释放 组件
researchlocations,8,研究地点
ride_manufacturer,2,骑车制造商
saturdaynightlive,1272,周六夜间生活
school_in_fiction,32,学校 小说
school_of_thought,3,预想学校( O)
service_clientele,3,服务( C)
si_swimsuit_model,5,si swimsuit 型号
snl_musical_guest,264,音乐( G)
snl_sketch_series,1,snl sketch 序列
socialsciencedata,1,社会科学数据
software_platform,1,软件平台
songforallseasons,3,歌唱所有季节
species_described,1,物种描述( D)
spi_coverage_type,1,spi 覆盖 类型
sport_club_player,3,运动 俱乐部 玩家
sports_award_type,8,运动( A)
sports_exhibition,1,体育活动( Exhibition)
sports_team_coach,1,运动( T)
sports_team_extra,854,运动( T)
sports_team_owner,27,运动   团队  拥有者
sports_tournament,1,运动( T)
surprisingheights,74,惊人的脚步
survivor_location,2,幸存者位置( S)
synopsized_animal,5,缩略语 动物
technologyofdoing,17,技术
test_card_creator,1,测试( C)
theater_character,4,剧场( C)
tonyfranksbuckley,3,托尼·弗兰克斯布基
tv_series_episode,17,tv 系列 集成
tv_song_performer,13,tv song perforce (帮助)
type_of_ecosystem,1,系统类型( O)
uk_london_borough,6,uk london borough (中文(简体) ).
uk_principal_area,6,uk 主要区域
unitary_authority,31,统一权限( A)
university_system,1,大学系统
us_representative,6,us 代表
us_vice_president,12,us vice president
video_store_stock,1,视频  store  stock
virginiabroadband,11,处女宽带
visual_art_medium,14,视觉   艺术  中
world_of_warcraft,2,战争世界( O)
yamahamotorcycles,1,山地冷却机
accommodation_type,1,住宿类型
acoustic_guitarist,3,声学   吉他
adjectified_entity,3,标注的 实体
adoptive_character,1,收养( C)
adultentertainment,2,成人娱乐
agoraphobic_person,5,恐惧( P)
album_content_type,1,相册 内容 类型
appointed_official,2,任命( O)
artist_s_or_band_s,65,艺人 s 或 band s
astrologicalplanet,4,占星图
australian_company,2,澳大利亚 公司
australianpolitics,5,美国政治
award_winning_work,1565,获奖  工作
benedictine_abbeys,1,贝内迪克廷 修道院
biosafety_facility,2,生物安全设施
board_member_title,17,棋盘 成员 标题
business_operation,723,运营
ca_census_division,8,ca 人口普查 分区
camera_film_format,1,相机 电影 格式
cataloged_composer,15,编目( C)
cataloged_instance,1,编目( I)
caucus_chairperson,1,核心小组主席
cheese_milk_source,3,奶酪 牛奶 来源
classicvideogames1,2,经典视频游戏1
comic_book_creator,42,漫画   书本创建器
compositional_form,25,组成( F)
computer_scientist,2,计算机科学家
computer_videogame,11,计算机 视频游戏
computing_platform,12,计算( P)
conducted_ensemble,1,正在举办的活动( C)
conference_sponsor,18,大会( P)
conference_subject,25,会议 主题
configuration_type,1,配置 类型
conservationaction,11,养护行动
contactor_category,1,联系人  分类
convention_speaker,9,常规语句( S)
convicted_criminal,36,已定罪   犯罪
corporate_criminal,2,法人
cultivar_developer,2,种植者  开发者
cycling_discipline,5,自行车  纪律
dangerous_activity,2,危险活动
deadhead_lifestyle,1,死胡同( L)
destinationsguides,2,目的地指南
destruction_method,1,销毁方法( M)
drug_dosage_flavor,3,药物( D)
e18_physical_thing,1,e18  物理   东西
educational_degree,27,学历
engineering_person,3,工程学   人物
exhibition_sponsor,26,展览( P)
exhibition_subject,130,展览 主题
fictional_diseases,2,虚构 疾病
fictional_employer,13,虚构的雇主
fictional_language,13,虚构   语言
fictional_universe,1610,虚构单向
form_of_government,6,格式( O)
geographical_scope,34,地理范围
germanjazzandblues,5,细菌
gift_card_category,4,天赋( C)
golden_book_author,1,金色  书本  作者
golden_book_series,1,金色  book  系列
host_of_oscar_show,52,主机 oscar 显示
in_union_territory,2,合并( T)
industry_standards,1,行业 标准
infectious_disease,26,传染性疾病
information_source,17,信息 来源
interesting_people,2,有趣的人们
internettechnology,8,互联网技术
jp_designated_city,9,jp  指定城市
kingdom_of_denmark,2,王国( O)
known_participants,21,已知参与者( S)
landlocked_country,41,内陆国
legal_jurisdiction,1,司法管辖权
location_of_events,2,活动位置( O)
londonfilmfestival,38,伦敦电影节
military_character,1,军事( C)
military_combatant,193,作战人员
military_commander,46,军事
mobile_phone_brand,8,移动 手机 品牌
modeling_specialty,5,建模 专业
modernbluestocking,1,现代蓝种
music_artist_extra,2,音乐 艺术 外部
my_favorite_things,33,我最喜欢的东西
new_zealand_region,1,新泽地  区域
nobel_prize_winner,39,无贝尔  prize  winner
nobel_subject_area,46,无贝尔  主题  区域
non_character_role,10,非字符( C)
nps_classification,1,nps 分类
observance_founder,1,遵守创建者
organization_extra,203,外部组织( O)
organization_scope,438,组织范围( S)
overseas_territory,7,海外( T)
parent_institution,95,父机构
parksandrecreation,7,公园娱乐
participation_role,1,参与 作用
periodical_subject,118,常规 主题
person_name_suffix,1,人名后缀
photographed_event,3,图片事件( V)
place_in_the_world,1,在 世界中
place_of_interment,248,间距( O)
place_with_suburbs,1,带子库( W)
places_i_have_been,4,区域( I)
political_activist,2,政治活动家
political_district,116,政 区
political_ideology,21,政治意识形态
political_prisoner,4,政治犯
position_in_debate,2,位置( in debate)
product_ingredient,4,产品认证
productendorsement,1,产品认证
production_company,120,生产 公司
professional_field,41,专业
proficiency_domain,1,熟练程度( D)
project_management,7,项目管理
publishing_company,28,发布  公司
religious_practice,4,宗教实践
rocket_engine_fuel,1,火箭 发动机 燃料
rocket_launch_site,1,火箭 发射 场地
royal_house_member,2,皇室( 会员)
school_or_movement,41,学校( 或)
school_sports_team,55,学校 体育 团队
sex122638240128936,1,性别 122638240128936
sexual_orientation,6,性定向
shape_note_singing,55,形状( S)
silent_movie_stars,1,静默  电影  明星
snl_movie_spin_off,2,snl 电影 spin off
software_developer,66,软件  开发者
sports_personality,1,运动 个性
sports_team_gender,2,运动   团队  性别
sports_team_roster,2,运动( T)
state_of_emergency,3,状态( E)
statistical_region,2408,统计 区域
stimulus_requester,4,刺激  请求器
subject_of_protest,3,标的( O)
supranational_body,2,超国家体
symbolized_concept,8,符号概念( C)
system_of_nobility,19,系统( O)
telescope_platform,1,望远镜( P)
thenightthatsleeps,3,睡觉的夜晚
thoroughbredracing,43,彻底绘制
tonywardsinterests,1,利益关系
tourist_attraction,43,游客( T)
transport_operator,6,运算器( O)
transport_terminus,8,运算结束
travel_destination,967,旅行( 目的地)
tv_character_extra,6,tv 特征 extra
tv_program_creator,553,tv 程序创建器
type_of_disability,1,残疾类型( O)
type_of_exhibition,1,退出类型( O)
type_of_motivation,2,类型( M)
type_of_snl_sketch,1,类型( S)
u_s_congressperson,46,u s 国会人物
uk_listed_building,2,uk list 构建
urban_legend_basis,1,城市  legend  basis
us_founding_father,5,找到父亲( U)
us_senator_current,5,us 语句 当前
varunksood_hollard,2,瓦伦克苏德-霍拉德
veterinarymedicine,11,兽医
visual_art_support,2,视觉   艺术  支持
voting_stat_region,3,投票( stat 区域)
williamshakespeare,13,威廉・沙克斯皮亚
academic_discipline,1,学术-学科
academic_post_title,9,学术( P)
ad_network_vertical,12,ad 网络 垂直
administrative_area,1551,行政区域
animal_disease_host,5,动物   疾病  宿主
anime_manga_creator,1,anime manga 创建器
annotation_category,2,注释  类别
antique_time_period,6,古董 时间 期间
apocalyptic_beliefs,1,启示录( B)
architectural_style,19,建筑样式
art_period_movement,20,艺术 期间 移动
assassinated_person,16,暗杀( P)
associationfootball,18,连足球
autonomous_republic,1,自主公开
balakrishnapsubaiah,1,巴拉克里什纳普苏拜亚
basketball_position,8,篮球 位置
battlestargalactica,10,星际银河系
beer_country_region,95,啤酒 国家 地区
biological_organism,1,生物组织
body_of_water_extra,5,水边区域( O)
branches_of_science,1,科学分支( S)
burlesque_performer,4,卷轴( P)
bv_venture_investor,10,bv 冒险 投资人
camera_manufacturer,3,相机制造商( M)
character_portrayer,8,字符( P)
chicken_primary_use,1,母鸡( P)
chineseuniversities,2,中国大学
christmas_character,3,圣诞节( C)
cinemainspectortest,4,电影监督员
classic_movie_stars,1,经典电影  明星
coat_of_arms_bearer,34,图标( A)
cocktail_ingredient,8,鸡尾酒
collaboration_topic,4,协作 专题
collection_category,21,收藏类( C)
comedy_group_member,93,喜剧 团体 成员
comic_book_colorist,3,漫画   book colorist
comic_book_letterer,3,漫画   书本  字母
comic_book_penciler,10,漫画  book  penciler
comic_strip_creator,9,连环画( S)
commoning_nutrition,1,营养
computer_game_theme,2,计算机  游戏  主题
concert_performance,4,音乐会( P)
constituent_country,8,组成国家
creativemindsatwork,27,创意卫星工作
cryptid_alternative,2,密码( C)
dancingwiththestars,65,与众星共舞
dated_location_test,15,日期( I) 测试
death_causing_event,16,死亡( C)
defunct_sports_team,3,已停用( S)
dietary_restriction,4,饮食限制
domesticated_animal,7,驯化的动物
endorsing_newspaper,1,认可报纸( N)
engineering_project,1,工程 项目
environmental_issue,2,环境问题
exhibition_producer,9,展览 制作者
extended_university,115,扩展的大学
famous_modern_poets,1,著名  现代  诗人
fictional_character,32,虚构( C)
fictional_job_title,23,虚构 job 标题
fictional_substance,2,虚构 物质
file_format_creator,2,文件( F)
film_festival_event,21,电影 庆典 活动
film_festival_focus,13,电影 庆典 焦点
film_song_performer,10,电影( S)
football_team_extra,23,橄榄球  团队  外部
fraternity_sorority,4,友爱联盟
freebase_s_database,2,自由基数 s 数据库
goldenstatewarriors,2,金色国家战士
grecoromanmythology,2,葡萄球菌学
historicalcountries,10,历史国家
hornblower_universe,1,角吹风机  单向
insurance_companies,1,保险 公司
language_written_in,5,语言   写入  in
legislative_session,63,立法会议
local_currency_area,1,本地语 货币 地区
location_in_fiction,8,位置( in fiction)
losgatosrestaurants,2,灭火器
marriage_end_reason,2,婚姻结束  理由
marriage_union_type,4,婚姻  工会  类型
media_rights_holder,2,媒体   权利持有者
meeting_participant,3,会话( P)
metropolitan_county,6,大都会( C)
mission_destination,2,任务( D)
mobile_phone_region,3,移动 手机 区域
music_video_subject,5,音乐 视频 主题
mx_federal_district,1,mx 联邦 地区
mythological_figure,1,神话学 图
mythological_system,3,神话系统
nationalsportsteams,9,国家港口
nederlandsedichters,5,宁数
neolithicingredient,3,新石器
news_reported_event,15,新闻  已报告事件
newyorkfilmfestival,8,Newyork电影节
oecd_gid_db_country,2,oecd gid db 国家
olympic_torchbearer,1,奥运会( T)
opera_designer_role,1,歌剧设计器  角色
organization_member,494,组织( 成员)
organization_sector,155,组织部门
partitioning_method,1,分区方法( M)
patienthealthrecord,8,病人健康记录
political_appointer,56,政治指定符( A)
process_environment,2,进程  环境
project_participant,47,项目 参与者
quotation_addressee,2,引用地址( S)
radio_station_owner,30,电台 站台 所有者
rail_accident_cause,1,铁轨 事故 原因
real_world_location,1,真实世界( W)
recreational_sports,4,娱乐( S)
registry_or_country,1,登记( 或)
repositoriesinphila,2,寄生虫病
road_bicycling_race,1,路径 自行车 种族
rocket_manufacturer,3,火箭制造器
skateboarding_movie,1,滑板游戏  电影
snowboard_companies,1,滑雪板 公司
social_network_user,890,社会 网络 用户
softwareengineering,1,软件工程
special_performance,1,特殊性能( P)
sponsored_recipient,18,赞助者( R)
sports_award_winner,51,运动( A)
sports_championship,3,运动车牌
sports_league_draft,22,运动( L)
states_i_ve_been_to,31,状态 i ve been to
subject_of_festival,13,主题 庆典
tennis_player_extra,9,网球   玩家  外关
test122565175222537,1,试验122565175222537
theatrical_composer,103,戏剧 组合器
theatrical_lyricist,95,戏剧 语言学家
thing_of_many_names,4,名称( M)
tourists_attraction,1,游客( T)
transportation_mode,7,运输( M)
tribecafilmfestival,16,部落电影节
type_of_music_group,2,类型 音乐 组
type_of_performance,10,性能类型( O)
ubicaci_n_iniciador,1,立方体  n inocidor
uk_crown_dependency,3,uk crown 依赖性
uoa_technology_type,1,uoa 技术 类型
us_federal_district,1,us 联邦 地区
video_color_process,1,视频 color 进程
video_game_composer,1,视频  game  composer
academic_institution,68,学术机构
age_limited_activity,1,年龄( L)
aircraft_model_extra,1,飞机 型号 外部
airtrafficmanagement,24,空中交通管理
allthenominatedfilms,2,当时的胶片
american_idol_winner,1,美国   idol  winner
audio_recording_role,2,音频 录音 作用
australian_territory,2,澳洲语   领土
autonomous_community,1,自主社区
award_category_extra,3,授予 类别 外部
award_nominated_work,1980,获奖 提名 工作
bestbollywoodactress,1,最佳木工演员
branch_of_government,2,政务分支( O)
bridal_shop_services,1,婚礼  商店  服务
british_royal_family,2,英国语  royal  family
business_development,1,工商发展
businesseswithimpact,1,有影响的企业
bv_medical_condition,61,bv 医疗条件
character_occupation,139,字符 职业
chinese_ethnic_group,1,中国语   民族   组
classificationsearch,2,分类搜索
cn_autonomous_region,1,cn 自治地区
comedy_group_founder,4,喜剧  组  创始人
comic_book_character,13,漫画   book 特性
comic_book_publisher,8,漫画  书籍  publisher
computer_game_engine,2,计算机 游戏 引擎
computer_game_region,8,计算机  game  区域
congressional_caucus,6,国会( C)
congressional_member,1,国会成员
countries_in_fiction,1,国家( in)
diggpowerusercounter,1,diggpoweruser 计数器
disney_product_theme,5,dinney 产品 主题
divination_technique,1,占卜( T)
e26_physical_feature,1,e26  物理特征
earthquake_epicenter,42,地震
educationalshortfilm,2,教育短片
endowed_organization,556,赋予组织( O)
ethnicity_in_fiction,54,种族小写
extended_institution,3,扩展机构( I)
family_guy_reference,14,家族( G)
film_screening_venue,45,胶片 屏幕 风景
film_with_tall_ships,8,带   tall ships 的电影
flightoftheconchords,2,离合弦飞行
gas_station_services,1,气位服务( S)
geographical_feature,57,地理面积
goldenageofhollywood,16,金色的万合金树
grammatical_category,1,语法类
graphic_design_style,1,图形( D)
graphic_novel_writer,2,图形小写器( N)
hair_care_ingredient,2,发型  护理  依赖性
hud_foreclosure_area,973,屏蔽  取消赎回  区域
hybrid_parent_gender,2,混合  父母  性别
inauguration_speaker,35,启用语句( S)
injury_causing_event,2,伤害  导致事件
intellectualproperty,2,知识产权
internet_forum_topic,1,互联网 论坛 专题
internet_video_actor,28,互联网 视频 演员
internet_video_genre,71,互联网 视频 流派
jewish_studies_field,30,犹太语  研究  field
kamrunnaharislamickg,1,卡姆伦纳哈里斯拉米克
kp_metropolitan_city,2,kp  都会  城市
legislative_assembly,1,立法( 组装)
literaturabrasileira,6,升/ 升/ 升/ 升
mademoisellebleu2007,2,"2007年9月13日,日内瓦"
mailing_list_subject,1,邮件列表  主题
martial_art_category,1,武术  类
mathematical_concept,1,数学概念
medical_trial_design,1,医疗 审判 设计
metropolitan_borough,10,大都会( B)
metropolitan_transit,16,大都会  transit
mines122805490927831,2,地雷 122805490927831
mobile_phone_carrier,3,移动电话   载体
monstrous_attributes,2,异常属性( A)
music_video_director,64,音乐 视频 导演
my_comic_book_domain,2,my comic book 域名
my_federal_territory,1,我的联邦 领土
ncaa_basketball_team,22,ncaa 篮球 队
nfl_suspending_party,1,nfl 悬浮 party
nonprofit_leadership,1,非营利组织
notable_conservative,13,显著的保守
olympic_bidding_city,26,奥林匹克  投标  城市
orbital_relationship,6,轨道关系
organization_founder,744,组织创建者
periodical_publisher,38,期刊( P)
permaculture_element,2,永久养殖 元素
phr_wellness_tracker,2,phr wellness 跟踪器
political_philosophy,4,政治哲学
politicalconventions,58,政治公约
presidential_nominee,8,总统专制( N)
product_placed_brand,6,产品( P)
professional_athlete,1,专业( R)
programming_language,17,编程 语言
public_radio_network,1,公共 无线电 网络
radio_station_format,8,电台 站台 格式
rajdhaniexpressmovie,1,rajdhani 表达电影
ranked_list_compiler,4,排序( L) 编译器
regional_food_source,7,区域 食物 来源
regulatory_authority,1,规 则   权威
semantic_cartography,5,语义学   漫画
semantichistoryofart,3,长篇小说
significant_follower,19,符号( F)
smoke122631628616829,1,烟雾122631628616829
social_psychologists,1,社会心理学家
socialmediamarketing,5,社交媒体营销
special_collectivity,1,特殊( G)
special_municipality,2,特别城市
sports_league_season,51,运动 同事 季节
sports_team_location,688,运动   团队  位置
sr_political_analyst,1,政治分析
states_and_provences,50,状态( P)
thebigbangtheoryshow,1,大爆炸理论秀
trading_card_company,1,交易牌 公司
transit_service_area,33,中转 服务 区域
transit_service_type,4,中转 服务 类型
trypanophobic_person,3,切换恐惧( P)
uk_unitary_authority,26,uk  统一处理法 权威
unicornrainbowcheese,1,独角兽脑袋
vaudeville_performer,21,阴道ville performer
virus_classification,1,病毒分类
yacht_racing_country,6,游艇 竞速 国道
accommodation_feature,4,住处( F)
adapted_abbeys_in_use,1,已适应( A)
administrative_county,39,行政区
advertisingcharacters,16,广告人物
aircraft_manufacturer,9,飞机制造商
american_indian_group,4,美洲   印地语  组
anime_manga_character,5,anime manga 特征
anime_manga_franchise,1,anime manga  授权
apartmentsinjerusalem,2,家庭公寓
balloonflightpioneers,1,气球飞行器
base_equivalent_event,5,碱基  等效活动
borscht_belt_comedian,9,borscht belt 喜剧演员
branch_of_photography,1,图片分支( O)
business_cliche_genre,1,商业   cliche 流派
business_group_member,1,商业   组  成员
cathedrals_in_england,1,大教堂 in 英格兰
cinequestfilmfestival,2,焚烧膜活动
classification_system,2,分类 系统
clique_leading_member,5,联盟 领导 成员
comic_strip_character,4,连环画   字符
comic_strip_syndicate,1,连环画  strip  syndicate
common_sense_organism,4,常识  组织
computer_crime_victim,3,计算机 犯罪 受害人
computer_game_subject,67,计算机  游戏  主题
cyclone_affected_area,109,气旋 受影响区域
deified_roman_emperor,1,已变异的罗马语  emperor
district_municipality,2,县(市)
dog_breed_association,1,犬类( B)
favorite_sports_teams,3,最喜欢的   运动  团队
fgdc_location_keyword,8,fgdc 位置 关键词
film_casting_director,14,电影 广播 导演
film_festival_sponsor,4,电影 节日 赞助商
food_festival_subject,1,食物 庆典 主题
food_producing_region,57,产粮区域
football_team_manager,3,足球   团队  管理器
hall_of_fame_inductee,221,图标( F)
hibernianfootballclub,2,冬眠足球俱乐部
independentpublishing,1,独立出版
informationtechnology,3,信息技术
internet_video_series,2,互联网 视频 系列
internet_video_writer,2,互联网 视频 撰稿人
java_script_libraries,1,java script 图书馆
language_writing_type,1,语言 写入 类型
legislative_committee,4,立法委员会
location_intersection,1,位置( I)
medical_trial_sponsor,3,医疗   审判  赞助者
michellecarusocabrera,1,米切尔卡鲁萨布雷拉
music_video_character,7,音乐 视频 字符
music_video_performer,47,音乐 video performer
newyorkcitynewspapers,1,新奥尔良都市报
nonprofitorganization,3,非营利组织
object_used_as_weapon,1,对象 作为 武器
overseas_collectivity,1,海外   集体
personal_relationship,7,个人关系
petsupplyandaccessory,4,宠物供应和获得
pinball_machine_basis,31,弹球  机器  基础
practice_jurisdiction,1,管辖权
product_placing_media,15,产品( P)
professional_wrestler,3,专业
programming_languages,6,编程 语言
public_gmackenz_types,2,public gmackenz 类型
reality_tv_contestant,4,现实( T)
recurring_competition,22,经常性( C)
recurring_event_extra,1,重复活动( E)
secret_society_member,11,secret social 成员
shopping_center_owner,4,购买中心  拥有者
site_listing_category,6,站点( L)
solo_wrestler_or_team,3,独奏器  或团队
space_program_sponsor,3,空间  程序  发起人
sports_facility_extra,1,运动 设施 外部
sports_representative,2,运动( S)
standard_organization,1,标准组织
student_radio_station,1,学生 无线电 站
studios_and_companies,1,工作室 和 公司
territorial_authority,17,领土权限
theater_choreographer,2,剧院编舞器( C)
theater_designer_role,6,剧场( D)
tournament_competitor,48,锦标赛( C)
type_of_legal_subject,1,类型 法律 主题
ufo_sighting_location,28,视点 位置
uk_overseas_territory,7,uk overseas 领土
united_nations_agency,1,统一国家 机构
vermont_fresh_network,1,vermont 新网络
world_cup_participant,28,世界语   cup  参与者
abstract_moral_dispute,5,抽象( M)
appropriate_technology,1,适当技术
astronomical_discovery,2,天文发现
auction_event_services,1,拍卖  活动  服务
breakfast_cereal_theme,5,早餐   cereal 主题
candy_bar_manufacturer,1,糖果 bar 制造商
celebrity_spokesperson,6,名人名词
celestial_object_extra,5,天体 天体 外部
chartering_institution,1,租赁机构( I)
chivalric_order_member,131,骑士  命令  成员
choppedandscrewedmusic,2,被砍伤的音乐
clique_hub_personality,4,类型 hub 个性
commercial_real_estate,1,商业   实体
commoning_organization,1,共通组织
congressional_district,3,国会
country_musical_groups,11,国家 音乐 组
cryptid_classification,1,密码( C)
culturaencadenacombase,1,古都兰卡德纳基地
drmadhumohankomaragiri,6,德马杜莫汉科马拉吉里
electronicprogramguide,4,电子程序指南
engineering_discipline,3,工程学 学科
enniskillenbirdsurvey1,1,幼鸟调查1
equestrian_disciplines,3,马术 纪律
external_rating_source,1,外部( R)
factsofamericanhistory,2,美国历史事实
fictional_organization,13,虚构组织( O)
film_costumer_designer,46,胶片 计算器 设计器
film_story_contributor,671,胶片 故事 贡献者
football_team_canadian,4,足球 队 加拿大人
former_french_colonies,15,前法国语   殖民地
former_german_colonies,3,前殖民地( G)
german_political_party,3,德国 政治 政党
headphone_manufacturer,3,耳机 制造商
heraldry_granting_body,2,预告( G)
historic_bio-geography,5,历史的生物地理
ice_skating_activities,3,滑冰 活动
impersonated_celebrity,134,假名( C)
impersonated_ethnicity,2,冒充  种族
internet_video_creator,12,互联网 视频 创建者
knowledge_worker_trait,1,知识   工人  技能
lakesintheunitedstates,1,单位状态中的湖泊
meshuggahalbumtimeline,7,中线
millvalleyfilmfestival,12,米瓦利电影节
moby_output_descriptor,20,暴徒 输出 描述器
motorcycle_paint_color,1,摩托车( P)
multi_event_tournament,2,多活动( T)
nationalfootballleague,33,国家足协
offical_symbol_variety,1,常数( symbol variety)
personal_certification,1,个人认证
powerstructureresearch,1,动力结构研究
presidential_candidate,3,总统日期( C)
processor_manufacturer,14,处理器 制造商
proposed_project_focus,2,拟议  项目  焦点
radio_station_location,1,电台 站点 位置
recreational_drug_user,24,娱乐( D)
religious_organization,14,宗教组织
rfid_iso_standart_list,1,rfid iso standart list 列表
roleplaying_game_genre,8,角色扮演  game  流派
satellite_manufacturer,11,卫星制造器
scientologist_actors_2,19,科学家  演员  2
skateboarding_location,1,滑板设置( L)
star_system_body_extra,4,恒星 系统 体 体外
terrorist_organization,5,恐怖主义组织
thoroughbred_racehorse,2,纯种种族( R)
top_architectural_city,237,顶部结构 城市
tv_dubbing_performance,1,tv dubing 性能
ua_autonomous_republic,1,自动公开
uk_constituent_country,4,uk 组成 国家
uk_metropolitan_county,6,uk metropolitan 县
undergroundhumanthings,2,地下人类
unitary_authority_city,10,单体 权威 城市
united_states_colonies,2,联合州 殖民地
venture_funded_company,22,投资  供资  公司
administrative_division,1237,行政区划
artshumanitiesresources,5,艺术人力资源
athletics_championships,1,田径锦标赛
australian_organization,2,澳大利亚 组织
breakfast_cereal_flavor,3,早餐( cereal flood)
care_bears_tummy_symbol,1,照顾( B)
celebrity_impressionist,9,名人画家
census_designated_place,6,人口普查   指定位置
chemical_classification,3,化学   分类
chivalric_order_founder,4,骑士  命令  创建者
chivalric_order_officer,5,骑士  命令  官员
circus_performance_type,1,马戏团  性能  类型
construction_cost_items,3,构造 成本 项目
court_jurisdiction_area,29,法院 管辖权 区域
cryptid_survey_location,1,密码  调查  位置
double_act_straight_man,7,双人( A)
educational_institution,764,教育机构
electromagneticspectrum,1,电磁光谱
embroidery_service_type,4,刺绣  服务  类型
environmental_modelling,4,环境建模
es_autonomous_community,1,es 自主 社区
famous_corvette_drivers,2,著名   科尔维特  驱动程序
football_coach_position,2,足球 coach 位置
former_italian_colonies,3,前殖民地( T)
former_spanish_colonies,18,前西班牙语   殖民地
governments_that_debase,9,政府( T)
govt_jurisdiction_extra,53,政府 管辖权 外部
hall_of_fame_discipline,6,图标( F)
healthyeatingandfitness,1,健康饮食和适应性
hotel_grading_authority,1,旅馆  等级  授权
icd_9_cm_classification,67,icd 9 cm 分类
impersonated_individual,1,冒充  个人
impersonated_profession,1,冒充 职业
internet_video_director,1,互联网 视频 导演
knowledgebasepublishing,3,知识库出版
language_writing_system,5,语言  writing  system
languagesfordomainnames,275,语言域名
meaning_of_notable_word,3,意指 of notable word 语句
membership_organization,39,成员 组织
mexican_food_ingredient,5,墨西哥语   食物  营养
michiganlakesandstreams,3,michiganlakes和流线
microdata_type_category,1,微数据 类型 类别
mobile_operating_system,2,移动操作 系统
name_suffix_description,1,名称 后缀 描述
named_mythical_creature,1,名称( M)
nationalbridgeinventory,4,国家桥梁库存
ncbitaxonomytowikipedia,1,ncbitaxonomytowikipedia (正辛醇/水分配系数)
nix_software_derivation,1,nix 软件 开发
non_metropolitan_county,33,非都会  county
non_profit_organization,171,非营利组织
nuclear_reactor_coolant,4,核反应堆 冷却剂
organism_classification,33,有机体分类
orthomolecular_medicine,1,矫形 医学
pennsylvania_state_navy,4,宾西法尼亚  状态  导航
pet_disease_risk_factor,8,宠物 疾病  危险  因素
possible_cabinet_member,3,可能( cabinet) 成员
product_design_taxonomy,2,产品( D)
schoolanduniversity_com,1,学校与大学 com
science_and_development,11,科学 与发展
spirit_producing_region,7,创建 区域
swedishamericanbusiness,6,瑞典裔美国人
testbase124146351328435,1,试验基地 124146351328435
theatrical_orchestrator,12,戏剧家
thing_of_disputed_value,24,争议值( O)
typeface_classification,1,类型
uk_metropolitan_borough,8,uk  metropolitan  borough (中文(简体) ).
uk_statistical_location,118,uk 统计 位置
unitary_authority_plain,20,单体 权威  plain
victoria_s_secret_model,7,胜利 s 秘密 模型
womenauthorsinsffantasy,10,妇女作家
world_cup_participation,41,世界语   cup  参与
administrative_area_type,1,行政区域 类型
ancient_chemical_element,2,古化学元素
astronomical_observatory,4,天文观测站
audio_recording_location,2,音频记录  位置
base_equivalent_location,49,碱基  等值  位置
bisac_equivalent_subject,31,birac 等效 主题
cn_prefecture_level_city,8,cn 地区 级别 城市
computer_hardware_vendor,1,计算机   硬件  工具
coronationofgeorgevi1937,4,日冕日记1937年
electrical_service_scope,2,电源服务  镜片
embassies_and_consulates,29,使馆( A)
facts_from_the_community,2,事实  来自 社区
famous_university_alumni,6,著名的大学  alumni
film_distribution_medium,6,胶片 分发 中型
film_production_designer,68,胶片 制作 设计器
graphic_design_specialty,1,图形( D)
great_looking_nfl_player,2,大外观  nfl  player
high_performance_concern,1,高性能( C)
home_remodeling_services,2,家建模 服务
internet_video_character,3,互联网 视频 字符
internet_video_crew_role,8,互联网   video crew 作用
leed_registered_building,1,leed 注册 构建
longislandpingpongleague,1,长岛乒乓球协会
major_league_sports_team,1,主要 同事 体育 团队
metropolitan_area_anchor,11,大都会( A)
military_award_recipient,3,军事( A)
military_rank_in_fiction,3,军事( R)
my_least_favorite_things,5,我最爱的东西
national_football_league,36,国家( F)
organization_partnership,27,组织-伙伴关系
personal_film_appearance,1,个人  电影  出现
place_with_neighborhoods,189,与邻里关系( W)
private_military_company,1,私营 军事 公司
professional_sports_team,169,专业   体育  团队
secretarial_service_type,1,秘书  服务  类型
statistical_region_extra,58,统计 区域 外部
structure_damaging_event,1,结构( D)
sundancefilmfestival2011,1,2011年太阳电影节
surprisingly_tall_people,27,令人惊讶的 Tall people
theater_production_staff,1,剧场 制作 工作人员
top_level_domain_sponsor,13,顶级 域名 赞助商
type_of_infectious_agent,2,类型( I)
type_of_place_of_worship,5,类型( O)
type_of_software_exploit,1,类型 软件 开发
web_development_platform,2,网络  开发  平台
xfreebase133792473727765,2,xfreebase133792473727765 (英语).
athletics_discipline_type,1,田径 纪律 类型
bad_people_who_make_music,5,坏  人  谁  制作  音乐
bicycle_model_typical_use,3,自行车 模型 典型 使用
biological_classification,1,生物分类
bipolar_disorder_sufferer,43,双极体( D)
canadian_aboriginal_group,1,加拿大语  原始语  组
cancer_center_constituent,35,癌症( C)
capital_metropolitan_city,1,大写   大都会 城市
celestial_object_category,6,天体  类
colleges_and_universities,43,大学
computer_science_subfield,2,计算机 科学 子域
computer_user_group_focus,4,计算机 用户 组 焦点
conservation_project_lead,7,保护 项目 领导
craft_supplies_categories,2,手艺   服务  类别
crp_political_contributor,2,crp 政治 贡献者
environmental_issue_cause,3,环境问题 原因
financial_market_category,2,金融 市场 类别
governmental_jurisdiction,777,政府管辖权
honorary_degree_recipient,22,荣誉 度 接受者
ikariam_research_category,2,ikariam research 分类
internet_video_crewmember,1,互联网 视频 船员
law_enforcement_authority,5,执法
location_with_mains_power,3,位置( W)
mariopedoneaccordionmusic,1,马里奥佩德内科迪翁音乐
metropolitan_borough_city,7,大都会  borough  city
morally_disputed_activity,18,道德争议  活动
music_video_choreographer,2,音乐   视频  编舞
mythology_origin_location,2,神话 起源 位置
non_metropolitan_district,28,非大都会  区
olympic_event_competition,3,奥林匹克  活动  竞争
permaculture_element_need,1,永久栽培  要素  需要
presquetoutsurpresquerien,1,预览
retail_location_clientele,1,零售   位置  客户端
road_bicycle_racing_event,2,road 自行车 赛车 活动
southernmedicaluniversity,2,南医科大学
sports_championship_event,30,运动( C)
state_in_free_association,1,状态   in free assition
suffered_nasty_nfl_injury,1,遭受伤害( N)
surprisingly_short_people,9,令人惊讶的矮人
talent_agency_specialties,5,人才 机构 专业
type_of_fictional_setting,15,类型( O)
unit_of_population_number,2,单位 人口 数量
us_representative_current,7,us 代表 当前
us_state_governor_current,1,us 状态( G)
user_of_banned_substances,3,用户( O)
vice_presidential_nominee,4,副总统  空缺
web_host_operating_system,4,网络( H)
architecture_firm_partners,3,架构( w)
baseball_coaching_position,1,棒球   coaching  位置
camera_sensor_manufacturer,3,相机 传感器 制造商
carnegie_mellon_university,33,Carnegie mellon 大学
construction_services_type,2,构造 服务 类型
content_management_service,4,内容  管理  服务
cryptid_area_of_occurrence,54,密码( A)
data_recovery_service_type,2,数据 恢复 服务 类型
disputed_location_claimant,25,有争议的位置( C)
e63_beginning_of_existence,1,e63  开始  存在
empresasdetecnologaenmxico,2,墨西哥
engineering_service_sector,7,工程 服务 扇区
fictional_object_destroyer,1,虚构对象( O)
fictional_universe_creator,56,虚构 单向 生成器
financial_support_provider,3,财务   支持  提供者
first_achievement_category,13,第一个( A)
former_portuguese_colonies,8,前葡萄牙语   殖民地
former_soviet_union_states,7,前名  soviet union 状态
glenn_scott_davis_doctor_g,1,缩写 scott davis 博士 g
government_office_category,25,政府 办公室 类别
government_office_or_title,23,政府( O)
greatamericansongbookradio,94,伟大的美国之声
import_export_service_type,1,导入  导出  service type
international_organization,7,国际组织
internet_video_broadcaster,3,互联网 影音 广电机
major_league_baseball_team,1,主队 同事 篮球 小队
medical_market_opportunity,1,医疗 市场 机会
membership_of_dail_eireann,1,成员( dail eireann)
metropolitan_borough_plain,2,大都会  borough  plain
monstrous_works_of_fiction,1,可怕的  工作  虚构
mythical_creature_location,41,虚构  creature  位置
ncaa_basketball_tournament,30,ncaa 篮球 进球
newspaper_circulation_area,1489,报纸( C)
operating_system_developer,12,操作 系统开发者
person_impersonated_on_snl,58,人物( I)
pet_with_medical_condition,2,带   医疗 条件
religious_leadership_title,8,宗教 领袖 标题
report_issuing_institution,4,报表( I)
sail_training_organization,1,帆船 培训 组织
stimulus_request_community,7,刺激  请求  社区
tennis_tournament_champion,9,网球 锦标赛 锦标赛.
teslasciencedigitalarchive,1,三角科学数字化
thoroughbred_racehorse_sex,2,纯种马  性
type_of_paranormal_ability,2,类型( O)
uk_non_metropolitan_county,34,uk not metropolitan 县
academyofcountrymusicawards,16,乡村音乐奖
architectural_structure_use,1,结构( U)
audio_recording_contributor,1,音频 录音 贡献者
boating_supplies_categories,1,划船  服务  类别
breakfast_cereal_ingredient,6,早餐   真实  吸引
chemical_compound_extension,1,化学   复合  扩展
computer_game_engine_family,1,计算机 游戏 引擎 家庭
computer_manufacturer_brand,22,计算机 制造商 品牌
cricket_administrative_body,1,板球 行政单位
digital_camera_manufacturer,5,数码 相机 制造商
disaster_affected_structure,1,灾难( E)
european_capital_of_culture,1,欧洲  首都  文化
event_of_disputed_occurance,1,争议( O)
fictional_character_creator,349,虚构的( C)
fictional_organization_type,14,虚构 组织 类型
greatbooksofthewesternworld,60,西方世界的伟大书
house_committee_chairperson,3,居室 委员会 主席
lead_agency_or_organization,4,领导 机构 或 组织
legislative_committee_title,5,立法委员会 标题
markrobertdaveyphotographer,150,马克罗伯特达维摄影师
multimedia_performance_type,1,多媒体  性能  类型
news_reporting_organisation,46,新闻 报告 组织
olympic_athlete_affiliation,1,奥运 运动员 附属
olympic_medal_demonstration,3,奥林匹克 medal 演示
opera_production_staff_role,1,歌剧  制作  工作人员  角色
piratesofthewirralpeninsula,1,维拉尔佩宁苏拉的海盗
processed_with_review_queue,984,已处理( W)
programming_language_family,1,编程 语言 家庭
projected_coordinate_system,1,预测的( C)
raiders_hall_of_fame_member,1,突袭者  hall of fame member(成员)
sonjabenskinmesherpaintings,2,儿子贾本斯金姆斯 她的画
special_tv_performance_type,5,特殊 tv 性能 类型
starshapedcitadelsandcities,46,星座结构
tournament_event_competitor,15,锦标赛  活动  竞争者
transit_application_creator,1,transit application 创建器
tv_star_dubbing_performance,1,tv star dubing 性能
type_of_public_presentation,3,类型( P)
united_nations_member_state,13,统一( N) 成员 状态
verifiable_statement_author,1,可核查的语句  作者
vocabulary_equivalent_topic,361,词汇表 等同 主题
vocal_contribution_category,2,声效 贡献 类别
vocal_recording_contributor,1,声优 录音 贡献者
x2008_presidential_election,16,x2008 总统选举 选举
x7th_grade_dance_circa_1985,9,x7th 级别 舞蹈 简历 1985
arabic_language_media_source,1,阿拉伯语   语言  媒体  来源
audio_equipment_manufacturer,4,音频 设备 制造商
bad_people_who_ran_countries,5,坏  人  兰  国家
bbc_natural_history_category,4,bbc 自然 历史 类
beauty_school_field_of_study,3,美丽  学校  田  学习
breakfast_cereal_box_feature,2,早餐   cereal box feature
completer_of_unfinished_work,3,完成者 of 未完成 工作
condition_prevention_factors,21,条件  预防  因素
congressional_voting_records,2,国会( V)
cryptid_observation_location,16,密码( O)
database_financial_supporter,4,数据库( F)
film_company_role_or_service,5,电影 公司 角色 或服务
government_agencies_affected,5,政府( A)
hybrid_parent_classification,3,混合  父母  分类
infrastructural_municipality,8,基础设施-城市
media_genre_equivalent_topic,2,介质 流派 等效 主题
medical_condition_in_fiction,38,医疗条件   虚构
military_resource_in_fiction,1,军事( R)
new_zealand_regional_council,1,新建 zealand regional council
olympic_torch_relay_location,6,奥林匹克 torch relay 位置
organism_classification_rank,5,有机体分类  排序
organization_committee_title,7,组织 委员会 标题
permaculture_element_product,2,永久栽培 元素 产品
pinball_machine_manufacturer,4,弹球 机器 制造商
political_donation_recipient,1,政治捐助 接受方
school_sports_team_extension,2,学校 体育 团队 扩展
sexually_transmitted_disease,3,性传染  疾病
sports_team_manager_position,2,运动   团队   管理   位置
subject_of_strange_ebay_item,1,名称( S)
thoroughbred_racehorse_color,2,纯种马  颜色
thoroughbred_racehorse_owner,4,纯种马( R)
type_of_injury_causing_event,2,类型 伤害 导致事件
type_of_movie_theatre_cinema,3,类型( M)
uk_non_metropolitan_district,28,uk not metropolitan district (中文(简体) ).
verifiable_statement_subject,1,可核实的语句  主题
x2010fifaworldcupsouthafrica,166,x2010fifaworldcup 南部非洲
administrative_division_extra,6,行政区划 外部
architectural_structure_owner,148,架构 结构 所有者
award_presenting_organization,72,授予 提交 组织
comic_book_fictional_universe,4,漫画 书 小说 单曲
educational_institution_extra,307,教育   机构  外部
event_presenting_organisation,2,事件  介绍  组织
fictional_spacecraft_designer,1,虚构   航天器  设计器
geographical_feature_category,16,地理   地貌  类别
library_classification_system,1,库 分类 系统
medicalchinesetermswithpinyin,15,使用pinyin的医学术语
military_commander_in_fiction,2,军事   命令器  虚构
military_unit_place_of_origin,48,军事 单位 地点 原产地
mineralwaterandmineralsprings,16,矿泉水
mobile_phone_operating_system,2,移动 手机 操作 系统
new_zealand_unitary_authority,1,新泽地语  统一处理器  权威
olympic_participating_country,220,奥林匹克  参加  国家
personal_film_appearance_type,2,个人  电影  出现  类型
programming_language_designer,4,编程  语言  设计器
programming_language_paradigm,6,编程  语言  参数
province_traditional_eighteen,14,省   传统 十八省
science_or_technology_company,6,科学 或技术 公司
special_administrative_region,2,区域
special_collections_libraries,1,特殊( C)
special_film_performance_type,6,特殊  film 性能 类型
theater_production_staff_role,17,剧场 制作 工作人员 角色
theearlytravellersandvoyagers,4,早期旅行家们
thoroughbred_racehorse_origin,17,纯种马( R)
type_of_criminal_organization,2,类型 犯罪 组织
x19thcenturyprisonphotography,1,x19世纪监狱摄影
computer_game_engine_developer,9,计算机  game engine developer
counties_parishes_and_boroughs,11,县( parishes  and boroughs)
cultural_reference_destination,1,语法
dictionaryofoccupationaltitles,3,职业名称词典
educational_institution_campus,669,教育 机构 校园
fictional_organization_founder,2,虚构组织 创建者
fictional_settings_real_places,6,虚构  设置  真实  位置
french_travellers_and_voyagers,1,法国语   旅行者  和   流浪者
government_position_held_extra,8,政府( P)
highschoolmusical3nosanneslyce,4,高中音乐3nosanslyce
internet_video_production_role,1,互联网 视频 生产 作用
location_of_biosafety_facility,18,地点 生物安全 设施
nfl_draft_diamond_in_the_rough,1,nfl draft diamond in the rough (中文(简体) ).
obsessive_compulsive_celebrity,21,强迫性   强制性   名人
oscar_winner_who_refused_award,2,oscar winner  who  refused Award (英语).
owner_of_intellectual_property,2,拥有者( O)
pipeline_transported_substance,1,管道 运输 物质
professional_wrestling_manager,1,职业( W)
programming_language_developer,5,编程  语言  开发者
thoroughbred_racehorse_breeder,2,纯种马  种族  繁殖器
tv_regular_personal_appearance,2,tv 正则 个人 出现
type_of_law_enforcement_agency,1,类型 法律 执法 机构
type_of_planetographic_feature,3,类型( O)
virtualheliosphericobservatory,3,虚拟地层观测站
asce_wonder_of_the_modern_world,2,ace wonder of the 现代 世界
berlininternationalfilmfestival,295,国际电影节
british_travellers_and_voyagers,1,英国语   旅行者  和   流浪者
entity_appearing_in_media_asset,4,实体   出现在  介质  资产
entity_used_in_trade_statistics,1,实体  已使用  贸易  统计
hall_of_fame_induction_category,2,图标( F):
knowledge_worker_practice_scope,1,知识   工作者  实践  范围
location_represented_in_fiction,3,位置  代表  虚构
manufactured_component_category,1,已制造的   组件  类别
moscowinternationalfilmfestival,17,国际电影节
multimedia_performance_director,1,多媒体  性能  导演
things_i_wish_i_knew_more_about,3,东西 i wish i knew more  about
traffic_survey_vehicle_category,1,流量 调查 车辆 类别
type_of_law_enforcement_officer,1,类型 法律 执法 官员
veniceinternationalfilmfestival,12,国际电影节
x2010_world_cup_spot_allocation,2,x2010 world cup spot 分配
cn_special_administrative_region,2,cn 特别 行政 区域
computer_consulting_service_type,1,计算机 咨询 服务 类型
fictional_universe_with_triggers,1,虚构的  单向  有  触发
impersonated_fictional_character,1,冒充 虚构 字符
lighthouse_construction_material,1,灯塔 建筑 材料
locarnointernationalfilmfestival,3,国际电影节
movies_featuring_wham_o_products,1,电影 featuring wham o 产品
nascar_racing_organization_owner,1,nascar racing organization 拥有者
near_earth_object_classification,1,临近( E)
nfl_teams_that_have_moved_cities,8,nfl 队 有 移动 城市
notable_author_of_a_lit_movement,26,注意( A)
searchengineoptimizationprovider,1,搜索引擎优化提供者
victoria_s_secret_fashion_models,8,胜利 s secret 时尚 模型
centrally_controlled_municipality,2,中央控制 市政府
computer_game_distribution_system,2,计算机  game  分布  系统
constitutional_amendment_proposer,2,宪法修正  提案
disney_product_distribution_venue,4,diney 产物 分发 收益
governing_body_of_protected_sites,9,规范 body of 受保护 sites
political_rebellion_or_revolution,2,政治 叛乱 或 革命
religious_leadership_jurisdiction,14,宗教 领导 管辖权
religious_organization_leadership,1,宗教组织 领导权
shanghaiinternationalfilmfestival,31,上海国际电影节
symbol_of_administrative_division,4,符号  行政区划
tw_direct_controlled_municipality,2,tw 直接 控制 市
capital_of_administrative_division,636,首府 行政区划 
chivalric_title_gender_equivalency,1,骑士 标题 性别 等效
computationalscienceandengineering,4,计算科学与工程
constitutional_convention_delegate,2,宪法( C)
edinburghinternationalfilmfestival,6,国际电影节
gender_or_age_specific_animal_name,1,性别 或年龄 特定 动物 名称
melbourneinternationalfilmfestival,27,国际电影节
person_or_entity_appearing_in_film,2933,个人 或实体 出现 在 电影
public_figure_on_medical_treatment,3,公立 图解 就诊 医疗 治疗
test_match_special_commentary_role,1,测试  match  special commentary 作用
thelastconfessionofalexanderpearce,5,最后的告白 Alexanderpearce
educational_institutions_in_ireland,1,教育   机构  内地
location_on_top_of_something_buried,2,位置( O)
multimedia_musical_performance_type,1,多媒体 音乐 性能 类型
national_concrete_canoe_competition,14,国家( C)
person_who_died_of_an_unusual_death,2,死亡时间( W)
cedam_wonder_of_the_underwater_world,1,(原始内容存档于2018-09-21) (英语). chedam wonder of the underwater world
karlovyvaryinternationalfilmfestival,117,卡洛维里国际电影节
national_basketball_association_team,30,国家 篮球 协会 团队
natural_or_cultural_site_designation,5,自然 或 文化 场地 设计
special_music_video_performance_type,3,特殊 音乐 视频 性能 类型
vn_centrally_controlled_municipality,2,vn 中央控制 市政府
former_british_colonies_and_dominions,31,前   英国   殖民地   和   殖民地
hotels_that_have_been_reviewed_online,1,酒店   有   been  reviewed  online
monthly_calendar_event_early_mid_late,2,月表  活动  早期  中间  晚期
notable_person_with_medical_condition,231,注意( P)
person_with_alleged_paranormal_powers,1,带有 据称 超自然 力量的人物
previous_organism_classification_rank,2,前一个组织  分类  排序
road_bicycling_race_abandonment_cause,1,road bicycling race  absendonment cause (英语:
football_tournament_participating_team,1,足球  球队  参赛  团队
application_related_to_faceted_browsing,1,应用程序  关联  到  面部  浏览
celestial_object_with_coordinate_system,5,天体  带  坐标  系统
former_dutch_colonies_and_protectorates,3,前   荷兰语   殖民地   和   保护
natural_or_cultural_preservation_agency,4,自然 或 文化 保护 机构
former_danish_colonies_and_protectorates,2,前   丹麦语   殖民地   保护国
star_shaped_cities_and_citadels_of_italy,1,恒星  形状  城市  和  citadels of italy
environmental_modelling_language_platform,2,环境 建模 语言 平台
star_shaped_cities_and_citadels_in_france,2,恒星 形状 城市 和 citadels in france
departamentodecciadelauniversidaddesevilla,1,大学教育
star_shaped_cities_and_citadels_in_austria,1,恒星  形状  城市  和  citadels  in  austria
star_shaped_cities_and_citadels_in_belgium,1,恒星 形状 城市 和 citadels in belgium
star_shaped_cities_and_citadels_in_denmark,1,恒星 形状 城市 和 citadels in denmark
star_shaped_cities_and_citadels_in_germany,14,恒星 形状 城市 和 citadels in germany
star_shaped_cities_and_citadels_in_holland,1,恒星  形状  城市  和  citadels  in holland
united_states_federal_executive_department,4,联合州 联邦州 行政部门
morstministryofresearchscienceandtechnology,1,科学研究和技术部
mineral_water_and_mineral_springs_in_germany,2,矿泉水 和 矿泉水  in germany
mineral_water_and_mineral_springs_in_the_usa,4,矿泉水 和 矿泉水 在 苏萨
writersvalleyblogsfreewebsitessocialnetworks,1,作家valleyblogsfreewebsitessocial网络
star_shaped_cities_and_citadels_in_switzerland,1,恒星  形状  城市  和  citadels in switzerland
types_associated_with_things_you_might_link_to,1,类型  关联  与  things  you  might link  to
annettestrauchculturalanthropologistsocialmedia,1,社会媒体
best_college_football_program_after_world_war_2,1,最佳 大学 脚球 程序 after world war 2
x2011internationalyearforpeopleofafricandescent,10,x2011 非洲人民国际年
it_may_lubricate_but_you_are_likely_to_regret_it,1,它可以  may lubrate 但 你 可能  regret it
former_and_current_norwegian_overseas_territories,1,前 和 当前 北纬 海外 领土
independent_agency_of_the_united_states_government,3,独立机构( O)
organization_registration_classification_by_country,2,组织 注册 分类 按国家
existing_british_colonies_dominions_and_protectorates,8,已存在的   英国  殖民地  居多  和保护
mineral_water_and_mineral_springs_in_england_and_wales,2,矿山 水上 矿山 泉水 in england 和 wales
disease_caused_by_assassination_in_ways_which_appear_natural,5,疾病  导致  by  暗杀  在  ways  which   appear  natural
http_www_youtube_com_watch_feature_player_embedded_v_awxa4fxnufu,10,http www youtube com watch feature player embeded v awxa4fxnufu(英语:
